kind,variant_id,station_index,beam,y_m,eta,node_x_m,node_z_m,lift_per_span_npm,aero_torque_per_span_nmpm,torque_about_main_per_span_nmpm,applied_lift_fz_n,torque_main_my_n,main_self_weight_fz_n,rear_self_weight_fz_n,load_fx_n,load_fy_n,load_fz_n,load_mx_nm,load_my_nm,load_mz_nm,reaction_fx_n,reaction_fy_n,reaction_fz_n,reaction_mx_raw_nm,reaction_my_raw_nm,reaction_mz_raw_nm,applied_moment_origin_mx_nm,applied_moment_origin_my_nm,applied_moment_origin_mz_nm,reaction_moment_origin_mx_nm,reaction_moment_origin_my_nm,reaction_moment_origin_mz_nm,station_bending_residual_mx_nm,station_torque_residual_my_nm,station_yaw_residual_mz_nm,station_moment_residual_norm_nm,cumulative_bending_residual_mx_nm,cumulative_torque_residual_my_nm,cumulative_yaw_residual_mz_nm,cumulative_moment_residual_norm_nm,source,reaction_resultant_n,reaction_moment_mx_nm,reaction_moment_my_nm,reaction_moment_mz_nm,reaction_moment_norm_nm,applied_force_n,applied_moment_nm,constraint_force_n,constraint_moment_nm,residual_force_n,residual_moment_nm,force_residual_norm_n,moment_residual_norm_nm,pass_threshold_nm
beam_node,baseline,0,main,0.0,0.0,0.314193274,0.07143912961806514,0.0,0.0,0.0,0.0,0.0,-0.8274483185879522,0.0,0.0,0.0,-0.8274483185879522,0.0,0.0,0.0,104.96504041348095,-1081.0850222927897,18.778255904362123,105.29672361299377,220.54446911620596,16.400362280852004,0.0,0.0,0.0,-105.29672361299377,-220.54446911620596,-0.0,-105.29672361299377,-220.54446911620596,0.0,244.39161782143904,,,,,,,,,,,,,,,,,,,
beam_node,baseline,0,rear,0.0,0.0,0.8797411672,0.0651858601168413,0.0,0.0,0.0,0.0,0.0,0.0,-0.2585513715340056,0.0,0.0,-0.2585513715340056,0.0,0.0,0.0,-105.04130251296164,3732.4581394393913,-56.84184858630817,107.47562804807315,8.630657949788029,-3.2088699011338373,0.0,0.1462231834550273,0.0,-84.1355614001221,24.172981337165083,2110.8838372171394,-84.1355614001221,24.31920452062011,2110.8838372171394,2112.699881815963,,,,,,,,,,,,,,,,,,,
station_combined,baseline,0,combined,0.0,0.0,,,0.0,0.0,0.0,,,,,,,,,,,,,,,,,0.0,0.1462231834550273,0.0,-189.43228501311586,-196.37148777904088,2110.8838372171394,-189.43228501311586,-196.22526459558586,2110.8838372171394,2128.4312343356205,-189.43228501311586,-196.22526459558586,2110.8838372171394,2128.4312343356205,,,,,,,,,,,,,,,
beam_node,baseline,1,main,0.29095157627118645,0.01694915254237288,0.3119366992310065,0.0773074693049598,0.0,0.0,0.0,0.0,0.0,-1.6548966371759044,0.0,0.0,0.0,-1.6548966371759044,0.0,0.0,0.0,0.0,0.0,0.0,0.0,0.0,0.0,-0.4814947851522151,-0.003734397996743414,0.0,0.0,0.0,-0.0,-0.4814947851522151,-0.003734397996743414,0.0,0.4815092666368695,,,,,,,,,,,,,,,,,,,
beam_node,baseline,1,rear,0.29095157627118645,0.01694915254237288,0.8734227578468181,0.07167493781029423,0.0,0.0,0.0,0.0,0.0,0.0,-0.5171027430680112,0.0,0.0,-0.5171027430680112,0.0,0.0,0.0,0.0,0.0,0.0,0.0,0.0,0.0,-0.15045185818979218,0.28917910010169773,0.0,0.0,0.0,0.0,-0.15045185818979218,0.28917910010169773,0.0,0.32597594016796555,,,,,,,,,,,,,,,,,,,
station_combined,baseline,1,combined,0.29095157627118645,0.01694915254237288,,,0.0,0.0,0.0,,,,,,,,,,,,,,,,,-0.6319466433420073,0.2854447021049543,0.0,0.0,0.0,0.0,-0.6319466433420073,0.2854447021049543,0.0,0.6934228421324296,-190.06423165645788,-195.9398198934809,2110.8838372171394,2128.46127505285,,,,,,,,,,,,,,,
beam_node,baseline,2,main,0.5819031525423729,0.03389830508474576,0.309680124462013,0.0831863603171225,75.78400272223378,-45.880020767934276,-45.880020767934276,22.0494750481738,-13.348864361785246,-1.6548966371759044,0.0,0.0,0.0,20.394578410997894,0.0,-13.348864361785246,0.0,0.0,0.0,0.0,0.0,0.0,0.0,11.867669472132294,-13.25682057965221,0.0,0.0,0.0,-0.0,11.867669472132294,-13.25682057965221,0.0,17.792832000018187,,,,,,,,,,,,,,,,,,,
beam_node,baseline,2,rear,0.5819031525423729,0.03389830508474576,0.8671043484936363,0.07816623592706176,75.78400272223378,-45.880020767934276,-45.880020767934276,0.0,0.0,0.0,-0.5171027430680111,0.0,0.0,-0.5171027430680111,0.0,0.0,0.0,0.0,0.0,0.0,0.0,0.0,0.0,-0.3009037163795843,0.28591183329334074,0.0,0.0,0.0,0.0,-0.3009037163795843,0.28591183329334074,0.0,0.4150766470764218,,,,,,,,,,,,,,,,,,,
station_combined,baseline,2,combined,0.5819031525423729,0.03389830508474576,,,75.78400272223378,-45.880020767934276,-45.880020767934276,,,,,,,,,,,,,,,,,11.566765755752709,-12.97090874635887,0.0,0.0,0.0,0.0,11.566765755752709,-12.97090874635887,0.0,17.379141053424433,-178.49746590070518,-208.91072863983976,2110.8838372171394,2128.6934049078923,,,,,,,,,,,,,,,
beam_node,baseline,3,main,0.8728547288135593,0.05084745762711864,0.30742354969301944,0.08907580265455323,75.49452524160328,-45.86439675898862,-45.86439675898862,21.96525111888935,-13.344318531754833,-1.6548966371759044,0.0,0.0,0.0,20.310354481713443,0.0,-13.344318531754833,0.0,0.0,0.0,0.0,0.0,0.0,0.0,17.727988953243244,-13.206823031336587,0.0,0.0,0.0,-0.0,17.727988953243244,-13.206823031336587,0.0,22.10660007570945,,,,,,,,,,,,,,,,,,,
beam_node,baseline,3,rear,0.8728547288135593,0.05084745762711864,0.8607859391404544,0.08465975470349857,75.49452524160328,-45.86439675898862,-45.86439675898862,0.0,0.0,0.0,-0.5171027430680112,0.0,0.0,-0.5171027430680112,0.0,0.0,0.0,0.0,0.0,0.0,0.0,0.0,0.0,-0.4513555745693765,0.2826445664849839,0.0,0.0,0.0,0.0,-0.4513555745693765,0.2826445664849839,0.0,0.5325502846289132,,,,,,,,,,,,,,,,,,,
station_combined,baseline,3,combined,0.8728547288135593,0.05084745762711864,,,75.49452524160328,-45.86439675898862,-45.86439675898862,,,,,,,,,,,,,,,,,17.276633378673868,-12.924178464851602,0.0,0.0,0.0,0.0,17.276633378673868,-12.924178464851602,0.0,21.57583022487065,-161.22083252203132,-221.83490710469135,2110.8838372171394,2128.6224317792476,,,,,,,,,,,,,,,
beam_node,baseline,4,main,1.1638063050847458,0.06779661016949153,0.30516697492402595,0.09497579631725198,75.20504776097279,-45.84877275004297,-45.84877275004297,21.8810271896049,-13.339772701724424,-1.6548966371759048,0.0,0.0,0.0,20.226130552428994,0.0,-13.339772701724424,0.0,0.0,0.0,0.0,0.0,0.0,0.0,23.539298264384076,-13.157205598208504,0.0,0.0,0.0,-0.0,23.539298264384076,-13.157205598208504,0.0,26.966843010133097,,,,,,,,,,,,,,,,,,,
beam_node,baseline,4,rear,1.1638063050847458,0.06779661016949153,0.8544675297872726,0.09115549436886483,75.20504776097279,-45.84877275004297,-45.84877275004297,0.0,0.0,0.0,-0.5171027430680113,0.0,0.0,-0.5171027430680113,0.0,0.0,0.0,0.0,0.0,0.0,0.0,0.0,0.0,-0.6018074327591689,0.27937729967662706,0.0,0.0,0.0,0.0,-0.6018074327591689,0.27937729967662706,0.0,0.6634936787180308,,,,,,,,,,,,,,,,,,,
station_combined,baseline,4,combined,1.1638063050847458,0.06779661016949153,,,75.20504776097279,-45.84877275004297,-45.84877275004297,,,,,,,,,,,,,,,,,22.937490831624906,-12.877828298531877,0.0,0.0,0.0,0.0,22.937490831624906,-12.877828298531877,0.0,26.305264631577938,-138.28334169040642,-234.71273540322323,2110.8838372171394,2128.3897493114564,,,,,,,,,,,,,,,
beam_node,baseline,5,main,1.4547578813559323,0.0847457627118644,0.3029104001550324,0.10088634130521873,74.91019232489498,-45.83123635878195,-45.83123635878195,21.795238535705924,-13.334670461044917,-1.6548966371759042,0.0,0.0,0.0,20.140341898530018,0.0,-13.334670461044917,0.0,-91.76027239747127,-937.6709511830364,-179.59596246670404,-115.67782459950752,96.24657000917725,-513.9577251202687,29.299321110089643,-13.107429524209287,0.0,-117.97902226625285,-100.97501276251383,144.06860251587753,-88.67970115616322,-114.08244228672311,144.06860251587753,204.04571856848122,,,,,,,,,,,,,,,,,,,
beam_node,baseline,5,rear,1.4547578813559323,0.0847457627118644,0.8481491204340906,0.0976534551453268,74.91019232489498,-45.83123635878195,-45.83123635878195,0.0,0.0,0.0,-0.5171027430680111,0.0,0.0,-0.5171027430680111,0.0,0.0,0.0,91.76027239747127,937.6709511830364,179.59596246670404,112.64644115889519,1.9727532481159429,2.703215654382575,-0.7522592909489608,0.2761100328682699,0.0,124.04178914747752,-95.46363375207255,367.18590695000853,123.28952985652856,-95.18752371920428,367.18590695000853,398.8564442336845,,,,,,,,,,,,,,,,,,,
station_combined,baseline,5,combined,1.4547578813559323,0.0847457627118644,,,74.91019232489498,-45.83123635878195,-45.83123635878195,,,,,,,,,,,,,,,,,28.547061819140684,-12.831319491341018,0.0,6.062766881224661,-196.43864651458637,511.25450946588603,34.60982870036534,-209.2699660059274,511.25450946588603,553.5096497478561,-103.67351299004108,-443.98270140915065,2622.1383466830257,2661.4804800320917,,,,,,,,,,,,,,,
beam_node,baseline,6,main,1.7457094576271186,0.10169491525423728,0.3006538253860389,0.10680743761845354,74.6058081452409,-45.810311579334886,-45.810311579334886,21.706677478843556,-13.328582363481667,-1.6548966371759042,0.0,0.0,0.0,20.05178084166765,0.0,-13.328582363481667,0.0,0.0,0.0,0.0,0.0,0.0,0.0,35.00458345756548,-13.057092307157498,0.0,0.0,0.0,-0.0,35.00458345756548,-13.057092307157498,0.0,37.36052090851114,,,,,,,,,,,,,,,,,,,
beam_node,baseline,6,rear,1.7457094576271186,0.10169491525423728,0.8418307110809089,0.10415363724795756,74.6058081452409,-45.810311579334886,-45.810311579334886,0.0,0.0,0.0,-0.5171027430680111,0.0,0.0,-0.5171027430680111,0.0,0.0,0.0,0.0,0.0,0.0,0.0,0.0,0.0,-0.9027111491387528,0.2728427660599131,0.0,0.0,0.0,0.0,-0.9027111491387528,0.2728427660599131,0.0,0.9430432618764805,,,,,,,,,,,,,,,,,,,
station_combined,baseline,6,combined,1.7457094576271186,0.10169491525423728,,,74.6058081452409,-45.810311579334886,-45.810311579334886,,,,,,,,,,,,,,,,,34.10187230842673,-12.784249541097585,0.0,0.0,0.0,0.0,34.10187230842673,-12.784249541097585,0.0,36.41942793715046,-69.57164068161435,-456.76695095024826,2622.1383466830257,2662.533712427527,,,,,,,,,,,,,,,
beam_node,baseline,7,main,2.036661033898305,0.11864406779661016,0.29839725061704536,0.11273908525695636,74.30142396558684,-45.789386799887815,-45.789386799887815,21.618116421981203,-13.32249426591842,-1.6548966371759048,0.0,0.0,0.0,19.963219784805297,0.0,-13.32249426591842,0.0,0.0,0.0,0.0,0.0,0.0,0.0,40.658311846860656,-13.007154779398572,0.0,0.0,0.0,-0.0,40.658311846860656,-13.007154779398572,0.0,42.688223173280484,,,,,,,,,,,,,,,,,,,
beam_node,baseline,7,rear,2.036661033898305,0.11864406779661016,0.835512301727727,0.11065604088473745,74.30142396558684,-45.789386799887815,-45.789386799887815,0.0,0.0,0.0,-0.5171027430680113,0.0,0.0,-0.5171027430680113,0.0,0.0,0.0,0.0,0.0,0.0,0.0,0.0,0.0,-1.0531630073285454,0.2695754992515562,0.0,0.0,0.0,0.0,-1.0531630073285454,0.2695754992515562,0.0,1.087116953138912,,,,,,,,,,,,,,,,,,,
station_combined,baseline,7,combined,2.036661033898305,0.11864406779661016,,,74.30142396558684,-45.789386799887815,-45.789386799887815,,,,,,,,,,,,,,,,,39.60514883953211,-12.737579280147017,0.0,0.0,0.0,0.0,39.60514883953211,-12.737579280147017,0.0,41.60304965407611,-29.96649184208224,-469.5045302303953,2622.1383466830257,2664.0086343114162,,,,,,,,,,,,,,,
beam_node,baseline,8,main,2.3276126101694916,0.13559322033898305,0.29614067584805187,0.11868128422072724,73.97494207579055,-45.75500685892923,-45.75500685892923,21.52312600152098,-13.312491367904409,-1.6548966371759048,0.0,0.0,0.0,19.868229364345073,0.0,-13.312491367904409,0.0,0.0,0.0,0.0,0.0,0.0,0.0,46.24554121018937,-12.95381820719915,0.0,0.0,0.0,-0.0,46.24554121018937,-12.95381820719915,0.0,48.02552954386331,,,,,,,,,,,,,,,,,,,
beam_node,baseline,8,rear,2.3276126101694916,0.13559322033898305,0.8291938923745452,0.11716066625655475,73.97494207579055,-45.75500685892923,-45.75500685892923,0.0,0.0,0.0,-0.5171027430680113,0.0,0.0,-0.5171027430680113,0.0,0.0,0.0,0.0,0.0,0.0,0.0,0.0,0.0,-1.2036148655183379,0.2663082324431994,0.0,0.0,0.0,0.0,-1.2036148655183379,0.2663082324431994,0.0,1.2327241456075027,,,,,,,,,,,,,,,,,,,
station_combined,baseline,8,combined,2.3276126101694916,0.13559322033898305,,,73.97494207579055,-45.75500685892923,-45.75500685892923,,,,,,,,,,,,,,,,,45.04192634467103,-12.687509974755951,0.0,0.0,0.0,0.0,45.04192634467103,-12.687509974755951,0.0,46.7947437026671,15.075434502588791,-482.1920402051512,2622.1383466830257,2666.1481469543733,,,,,,,,,,,,,,,
beam_node,baseline,9,main,2.618564186440678,0.15254237288135591,0.2938841010790583,0.12463403450976612,73.58808004730136,-45.68386181819456,-45.68386181819456,21.41056788453258,-13.291791606158778,-1.6548966371759048,0.0,0.0,0.0,19.755671247356673,0.0,-13.291791606158778,0.0,0.0,0.0,0.0,0.0,0.0,0.0,51.73149320742402,-12.890570262626936,0.0,0.0,0.0,-0.0,51.73149320742402,-12.890570262626936,0.0,53.31335846826271,,,,,,,,,,,,,,,,,,,
beam_node,baseline,9,rear,2.618564186440678,0.15254237288135591,0.8228754830213633,0.12366751355720604,73.58808004730136,-45.68386181819456,-45.68386181819456,0.0,0.0,0.0,-0.5171027430680113,0.0,0.0,-0.5171027430680113,0.0,0.0,0.0,0.0,0.0,0.0,0.0,0.0,0.0,-1.35406672370813,0.26304096563484236,0.0,0.0,0.0,0.0,-1.35406672370813,0.26304096563484236,0.0,1.3793792958630995,,,,,,,,,,,,,,,,,,,
station_combined,baseline,9,combined,2.618564186440678,0.15254237288135591,,,73.58808004730136,-45.68386181819456,-45.68386181819456,,,,,,,,,,,,,,,,,50.377426483715894,-12.627529296992094,0.0,0.0,0.0,0.0,50.377426483715894,-12.627529296992094,0.0,51.93591816140919,65.45286098630469,-494.8195695021433,2622.1383466830257,2669.220858700001,,,,,,,,,,,,,,,
beam_node,baseline,10,main,2.9095157627118646,0.1694915254237288,0.29158940892415125,0.13308041891798608,73.20121801881218,-45.61271677745989,-45.61271677745989,21.298009767544187,-13.27109184441315,-1.6548966371759048,0.0,0.0,0.0,19.64311313036828,0.0,-13.27109184441315,0.0,0.0,0.0,0.0,0.0,0.0,0.0,57.15194728153891,-12.827081565544672,0.0,0.0,0.0,-0.0,57.15194728153891,-12.827081565544672,0.0,58.57370655474126,,,,,,,,,,,,,,,,,,,
beam_node,baseline,10,rear,2.9095157627118646,0.1694915254237288,0.8164503449876235,0.13252986290172744,73.20121801881218,-45.61271677745989,-45.61271677745989,0.0,0.0,0.0,-0.5171027430680113,0.0,0.0,-0.5171027430680113,0.0,0.0,0.0,0.0,0.0,0.0,0.0,0.0,0.0,-1.5045185818979223,0.259718509133005,0.0,0.0,0.0,0.0,-1.5045185818979223,0.259718509133005,0.0,1.5267710592169363,,,,,,,,,,,,,,,,,,,
station_combined,baseline,10,combined,2.9095157627118646,0.1694915254237288,,,73.20121801881218,-45.61271677745989,-45.61271677745989,,,,,,,,,,,,,,,,,55.64742869964099,-12.567363056411667,0.0,0.0,0.0,0.0,55.64742869964099,-12.567363056411667,0.0,57.04888197917018,121.10028968594568,-507.386932558555,2622.1383466830257,2673.521327507748,,,,,,,,,,,,,,,
beam_node,baseline,11,main,3.200467338983051,0.1864406779661017,0.2892647673444667,0.14348859978976952,72.79667085799547,-45.5408877726699,-45.5408877726699,21.180306133428513,-13.2501930822475,-1.6548966371759035,0.0,0.0,0.0,19.52540949625261,0.0,-13.2501930822475,0.0,0.0,0.0,0.0,0.0,0.0,0.0,62.49043537302599,-12.763453781668154,0.0,0.0,0.0,-0.0,62.49043537302599,-12.763453781668154,0.0,63.78056338373875,,,,,,,,,,,,,,,,,,,
beam_node,baseline,11,rear,3.200467338983051,0.1864406779661017,0.8099413485645067,0.14324637780719318,72.79667085799547,-45.5408877726699,-45.5408877726699,0.0,0.0,0.0,-0.5171027430680109,0.0,0.0,-0.5171027430680109,0.0,0.0,0.0,0.0,0.0,0.0,0.0,0.0,0.0,-1.654970440087713,0.2563526892279912,0.0,0.0,0.0,0.0,-1.654970440087713,0.2563526892279912,0.0,1.6747070964316542,,,,,,,,,,,,,,,,,,,
station_combined,baseline,11,combined,3.200467338983051,0.1864406779661017,,,72.79667085799547,-45.5408877726699,-45.5408877726699,,,,,,,,,,,,,,,,,60.83546493293827,-12.507101092440163,0.0,0.0,0.0,0.0,60.83546493293827,-12.507101092440163,0.0,62.10782053287074,181.93575461888395,-519.8940336509951,2622.1383466830257,2679.3655842718135,,,,,,,,,,,,,,,
beam_node,baseline,12,main,3.491418915254237,0.20338983050847456,0.2869401257647821,0.15390765025460873,72.30881205067598,-45.46583672969881,-45.46583672969881,21.038362844441128,-13.228356862994266,-1.6548966371759035,0.0,0.0,0.0,19.383466207265226,0.0,-13.228356862994266,0.0,0.0,0.0,0.0,0.0,0.0,0.0,67.67580055923712,-12.70009638513533,0.0,0.0,0.0,-0.0,67.67580055923712,-12.70009638513533,0.0,68.85714508695061,,,,,,,,,,,,,,,,,,,
beam_node,baseline,12,rear,3.491418915254237,0.20338983050847456,0.8034323521413899,0.15396887723115762,72.30881205067598,-45.46583672969881,-45.46583672969881,0.0,0.0,0.0,-0.5171027430680109,0.0,0.0,-0.5171027430680109,0.0,0.0,0.0,0.0,0.0,0.0,0.0,0.0,0.0,-1.805422298277505,0.2529868693229776,0.0,0.0,0.0,0.0,-1.805422298277505,0.2529868693229776,0.0,1.8230611704403858,,,,,,,,,,,,,,,,,,,
station_combined,baseline,12,combined,3.491418915254237,0.20338983050847456,,,72.30881205067598,-45.46583672969881,-45.46583672969881,,,,,,,,,,,,,,,,,65.87037826095961,-12.447109515812352,0.0,0.0,0.0,0.0,65.87037826095961,-12.447109515812352,0.0,67.03608929181749,247.80613287984357,-532.3411431668075,2622.1383466830257,2687.0810336397744,,,,,,,,,,,,,,,
beam_node,baseline,13,main,3.7823704915254237,0.22033898305084743,0.2846154841850976,0.16433757031250368,71.82095324335651,-45.39078568672773,-45.39078568672773,20.89641955545376,-13.206520643741044,-1.6548966371759048,0.0,0.0,0.0,19.241522918277855,0.0,-13.206520643741044,0.0,0.0,0.0,0.0,0.0,0.0,0.0,72.77856849810432,-12.637398923145593,0.0,0.0,0.0,-0.0,72.77856849810432,-12.637398923145593,0.0,73.86761052163514,,,,,,,,,,,,,,,,,,,
beam_node,baseline,13,rear,3.7823704915254237,0.22033898305084743,0.7969233557182732,0.16469736117401584,71.82095324335651,-45.39078568672773,-45.39078568672773,0.0,0.0,0.0,-0.5171027430680113,0.0,0.0,-0.5171027430680113,0.0,0.0,0.0,0.0,0.0,0.0,0.0,0.0,0.0,-1.9558741564672988,0.2496210494179643,0.0,0.0,0.0,0.0,-1.9558741564672988,0.2496210494179643,0.0,1.9717389239575287,,,,,,,,,,,,,,,,,,,
station_combined,baseline,13,combined,3.7823704915254237,0.22033898305084743,,,71.82095324335651,-45.39078568672773,-45.39078568672773,,,,,,,,,,,,,,,,,70.82269434163702,-12.387777873727629,0.0,0.0,0.0,0.0,70.82269434163702,-12.387777873727629,0.0,71.89792121096242,318.6288272214806,-544.728921040535,2622.1383466830257,2697.0100919537012,,,,,,,,,,,,,,,
beam_node,baseline,14,main,4.07332206779661,0.23728813559322032,0.282290842605413,0.1747783599634544,71.3303549552841,-45.29376698016974,-45.29376698016974,20.75367921022316,-13.178292898140215,-1.6548966371759062,0.0,0.0,0.0,19.098782573047256,0.0,-13.178292898140215,0.0,0.0,0.0,0.0,0.0,0.0,0.0,77.79549252284271,-12.568995297383442,0.0,0.0,0.0,-0.0,77.79549252284271,-12.568995297383442,0.0,78.80430381430523,,,,,,,,,,,,,,,,,,,
beam_node,baseline,14,rear,4.07332206779661,0.23728813559322032,0.7904143592951564,0.17543182963602466,71.3303549552841,-45.29376698016974,-45.29376698016974,0.0,0.0,0.0,-0.5171027430680117,0.0,0.0,-0.5171027430680117,0.0,0.0,0.0,0.0,0.0,0.0,0.0,0.0,0.0,-2.106326014657093,0.24625522951295092,0.0,0.0,0.0,0.0,-2.106326014657093,0.24625522951295092,0.0,2.1206722797461444,,,,,,,,,,,,,,,,,,,
station_combined,baseline,14,combined,4.07332206779661,0.23728813559322032,,,71.3303549552841,-45.29376698016974,-45.29376698016974,,,,,,,,,,,,,,,,,75.68916650818561,-12.322740067870491,0.0,0.0,0.0,0.0,75.68916650818561,-12.322740067870491,0.0,76.68572128815211,394.3179937296662,-557.0516611084056,2622.1383466830257,2709.5023053077875,,,,,,,,,,,,,,,
beam_node,baseline,15,main,4.364273644067797,0.2542372881355932,0.2799662010257284,0.18523001920746088,70.81023446979762,-44.95246991296474,-44.95246991296474,20.60234933511992,-13.078991978460177,-1.6548966371759048,0.0,0.0,0.0,18.947452697944016,0.0,-13.078991978460177,0.0,-44.82907384722695,-1590.7907157023596,-161.87313988765385,-35.01644808052813,81.62753076087088,-753.4640346226722,82.69186843185834,-12.430476132291087,0.0,-490.4247393233362,-92.26911472492476,250.09445539256,-407.7328708914779,-104.69959085721585,250.09445539256,489.6481746613339,,,,,,,,,,,,,,,,,,,
beam_node,baseline,15,rear,4.364273644067797,0.2542372881355932,0.7839053628720395,0.18617228261730293,70.81023446979762,-44.95246991296474,-44.95246991296474,0.0,0.0,0.0,-0.5171027430680113,0.0,0.0,-0.5171027430680113,0.0,0.0,0.0,44.82907384722695,1590.7907157023596,161.87313988765385,36.51539196465091,-0.09555711643925946,-48.1977053212683,-2.2567778728468837,0.24288940960793712,0.0,487.4268515550906,-70.79483256393846,551.5672845513805,485.1700736822437,-70.55194315433052,551.5672845513805,737.9661553669445,,,,,,,,,,,,,,,,,,,
station_combined,baseline,15,combined,4.364273644067797,0.2542372881355932,,,70.81023446979762,-44.95246991296474,-44.95246991296474,,,,,,,,,,,,,,,,,80.43509055901146,-12.18758672268315,0.0,-2.9978877682456186,-163.06394728886323,801.6617399439405,77.43720279076581,-175.25153401154637,801.6617399439405,824.2397502179839,471.75519652043204,-732.303195119952,3423.8000866269663,3532.8781422819757,,,,,,,,,,,,,,,
beam_node,baseline,16,main,4.655225220338983,0.2711864406779661,0.27764155944604385,0.19569254804452305,70.29201617139928,-44.61248832164766,-44.61248832164766,20.45157290434832,-12.980073798563266,-1.6548966371759022,0.0,0.0,0.0,18.79667626717242,0.0,-12.980073798563266,0.0,0.0,0.0,0.0,0.0,0.0,0.0,87.50276141748826,-12.293023053082457,0.0,0.0,0.0,-0.0,87.50276141748826,-12.293023053082457,0.0,88.36204881887636,,,,,,,,,,,,,,,,,,,
beam_node,baseline,16,rear,4.655225220338983,0.2711864406779661,0.7773963664489227,0.1969187201178313,70.29201617139928,-44.61248832164766,-44.61248832164766,0.0,0.0,0.0,-0.5171027430680104,0.0,0.0,-0.5171027430680104,0.0,0.0,0.0,0.0,0.0,0.0,0.0,0.0,0.0,-2.4072297310366713,0.23952358970292315,0.0,0.0,0.0,0.0,-2.4072297310366713,0.23952358970292315,0.0,2.4191168901090867,,,,,,,,,,,,,,,,,,,
station_combined,baseline,16,combined,4.655225220338983,0.2711864406779661,,,70.29201617139928,-44.61248832164766,-44.61248832164766,,,,,,,,,,,,,,,,,85.0955316864516,-12.053499463379534,0.0,0.0,0.0,0.0,85.0955316864516,-12.053499463379534,0.0,85.94496123865306,556.8507282068837,-744.3566945833315,3423.8000866269663,3547.7537478610857,,,,,,,,,,,,,,,
beam_node,baseline,17,main,4.946176796610169,0.28813559322033894,0.27531691786635926,0.206165946474641,69.75466639822179,-44.08411926526289,-44.08411926526289,20.295230140833397,-12.82634398875522,-1.6548966371759048,0.0,0.0,0.0,18.64033350365749,0.0,-12.82634398875522,0.0,0.0,0.0,0.0,0.0,0.0,0.0,92.19838505686582,-12.101675745017195,0.0,0.0,0.0,-0.0,92.19838505686582,-12.101675745017195,0.0,92.98920777666424,,,,,,,,,,,,,,,,,,,
beam_node,baseline,17,rear,4.946176796610169,0.28813559322033894,0.7708873700258059,0.20767114213745236,69.75466639822179,-44.08411926526289,-44.08411926526289,0.0,0.0,0.0,-0.5171027430680113,0.0,0.0,-0.5171027430680113,0.0,0.0,0.0,0.0,0.0,0.0,0.0,0.0,0.0,-2.5576815892264677,0.23615776979790995,0.0,0.0,0.0,0.0,-2.5576815892264677,0.23615776979790995,0.0,2.5685609987119156,,,,,,,,,,,,,,,,,,,
station_combined,baseline,17,combined,4.946176796610169,0.28813559322033894,,,69.75466639822179,-44.08411926526289,-44.08411926526289,,,,,,,,,,,,,,,,,89.64070346763936,-11.865517975219285,0.0,0.0,0.0,0.0,89.64070346763936,-11.865517975219285,0.0,90.42259803275674,646.491431674523,-756.2222125585508,3423.8000866269663,3565.4214672577414,,,,,,,,,,,,,,,
beam_node,baseline,18,main,5.237128372881356,0.30508474576271183,0.2729922762866747,0.21665021449781474,69.19600843180284,-43.37530704588788,-43.37530704588788,20.13268772490735,-12.620113956247781,-1.6548966371759048,0.0,0.0,0.0,18.477791087731443,0.0,-12.620113956247781,0.0,0.0,0.0,0.0,0.0,0.0,0.0,96.77056397373259,-11.858810527894855,0.0,0.0,0.0,-0.0,96.77056397373259,-11.858810527894855,0.0,97.49447901768993,,,,,,,,,,,,,,,,,,,
beam_node,baseline,18,rear,5.237128372881356,0.30508474576271183,0.7643783736026891,0.2184295486758706,69.19600843180284,-43.37530704588788,-43.37530704588788,0.0,0.0,0.0,-0.5171027430680113,0.0,0.0,-0.5171027430680113,0.0,0.0,0.0,0.0,0.0,0.0,0.0,0.0,0.0,-2.70813344741626,0.23279194989289642,0.0,0.0,0.0,0.0,-2.70813344741626,0.23279194989289642,0.0,2.7181204647604593,,,,,,,,,,,,,,,,,,,
station_combined,baseline,18,combined,5.237128372881356,0.30508474576271183,,,69.19600843180284,-43.37530704588788,-43.37530704588788,,,,,,,,,,,,,,,,,94.06243052631633,-11.62601857800196,0.0,0.0,0.0,0.0,94.06243052631633,-11.62601857800196,0.0,94.77818918134138,740.5538622008394,-767.8482311365528,3423.8000866269663,3586.1424904856935,,,,,,,,,,,,,,,
beam_node,baseline,19,main,5.528079949152542,0.3220338983050847,0.2706676347069901,0.22714535211404419,68.60875986502258,-42.593689709820254,-42.593689709820254,19.961826828739635,-12.392701160278019,-1.6548966371759048,0.0,0.0,0.0,18.30693019156373,0.0,-12.392701160278019,0.0,0.0,0.0,0.0,0.0,0.0,0.0,101.20217372251876,-11.595880320197704,0.0,0.0,0.0,-0.0,101.20217372251876,-11.595880320197704,0.0,101.86434315580313,,,,,,,,,,,,,,,,,,,
beam_node,baseline,19,rear,5.528079949152542,0.3220338983050847,0.7578693771795723,0.22919393973265234,68.60875986502258,-42.593689709820254,-42.593689709820254,0.0,0.0,0.0,-0.5171027430680113,0.0,0.0,-0.5171027430680113,0.0,0.0,0.0,0.0,0.0,0.0,0.0,0.0,0.0,-2.858585305606052,0.2294261299878828,0.0,0.0,0.0,0.0,-2.858585305606052,0.2294261299878828,0.0,2.8677772400498727,,,,,,,,,,,,,,,,,,,
station_combined,baseline,19,combined,5.528079949152542,0.3220338983050847,,,68.60875986502258,-42.593689709820254,-42.593689709820254,,,,,,,,,,,,,,,,,98.34358841691271,-11.366454190209822,0.0,0.0,0.0,0.0,98.34358841691271,-11.366454190209822,0.0,98.99827101304986,838.897450617752,-779.2146853267627,3423.8000866269663,3610.1705626838007,,,,,,,,,,,,,,,
beam_node,baseline,20,main,5.819031525423729,0.3389830508474576,0.26834299312730553,0.2376513593233294,67.98754001599488,-41.726331944158495,-41.726331944158495,19.78108193445408,-12.140342051167677,-1.6548966371759048,0.0,0.0,0.0,18.126185297278173,0.0,-12.140342051167677,0.0,0.0,0.0,0.0,0.0,0.0,0.0,105.47684368053378,-11.309251364136967,0.0,0.0,0.0,-0.0,105.47684368053378,-11.309251364136967,0.0,106.08140138226395,,,,,,,,,,,,,,,,,,,
beam_node,baseline,20,rear,5.819031525423729,0.3389830508474576,0.7513603807564554,0.23996431530722587,67.98754001599488,-41.726331944158495,-41.726331944158495,0.0,0.0,0.0,-0.5171027430680113,0.0,0.0,-0.5171027430680113,0.0,0.0,0.0,0.0,0.0,0.0,0.0,0.0,0.0,-3.0090371637958446,0.2260603100828692,0.0,0.0,0.0,0.0,-3.0090371637958446,0.2260603100828692,0.0,3.0175168461666133,,,,,,,,,,,,,,,,,,,
station_combined,baseline,20,combined,5.819031525423729,0.3389830508474576,,,67.98754001599488,-41.726331944158495,-41.726331944158495,,,,,,,,,,,,,,,,,102.46780651673794,-11.083191054054097,0.0,0.0,0.0,0.0,102.46780651673794,-11.083191054054097,0.0,103.06545733800586,941.36525713449,-790.2978763808168,3423.8000866269663,3637.7391761832973,,,,,,,,,,,,,,,
beam_node,baseline,21,main,6.109983101694915,0.3559322033898305,0.2659861460172793,0.24976574211440838,67.34432356188549,-40.909183880972435,-40.909183880972435,19.593937093247387,-11.902591534136745,-1.6548966371759048,0.0,0.0,0.0,17.93904045607148,0.0,-11.902591534136745,0.0,0.0,0.0,0.0,0.0,0.0,0.0,109.6072340472182,-11.037801914983703,0.0,0.0,0.0,-0.0,109.6072340472182,-11.037801914983703,0.0,110.16160323177984,,,,,,,,,,,,,,,,,,,
beam_node,baseline,21,rear,6.109983101694915,0.3559322033898305,0.744761208848382,0.25219683557714667,67.34432356188549,-40.909183880972435,-40.909183880972435,0.0,0.0,0.0,-0.5171027430680113,0.0,0.0,-0.5171027430680113,0.0,0.0,0.0,0.0,0.0,0.0,0.0,0.0,0.0,-3.1594890219856366,0.22264786018722713,0.0,0.0,0.0,0.0,-3.1594890219856366,0.22264786018722713,0.0,3.167324257112572,,,,,,,,,,,,,,,,,,,
station_combined,baseline,21,combined,6.109983101694915,0.3559322033898305,,,67.34432356188549,-40.909183880972435,-40.909183880972435,,,,,,,,,,,,,,,,,106.44774502523256,-10.815154054796476,0.0,0.0,0.0,0.0,106.44774502523256,-10.815154054796476,0.0,106.99574747711193,1047.8130021597226,-801.1130304356133,3423.8000866269663,3669.073617170351,,,,,,,,,,,,,,,
beam_node,baseline,22,main,6.400934677966102,0.3728813559322034,0.2635694886817983,0.26485807951155277,66.66747638225732,-40.162962819692865,-40.162962819692865,19.397007339439867,-11.685477340110696,-1.6548966371759048,0.0,0.0,0.0,17.74211070226396,0.0,-11.685477340110696,0.0,0.0,0.0,0.0,0.0,0.0,0.0,113.5660916544349,-10.787304536827516,0.0,0.0,0.0,-0.0,113.5660916544349,-10.787304536827516,0.0,114.0772681687012,,,,,,,,,,,,,,,,,,,
beam_node,baseline,22,rear,6.400934677966102,0.3728813559322034,0.7379945683090352,0.2671447401696961,66.66747638225732,-40.162962819692865,-40.162962819692865,0.0,0.0,0.0,-0.5171027430680113,0.0,0.0,-0.5171027430680113,0.0,0.0,0.0,0.0,0.0,0.0,0.0,0.0,0.0,-3.309940880175429,0.21914881180297566,0.0,0.0,0.0,0.0,-3.309940880175429,0.21914881180297566,0.0,3.3171877896753372,,,,,,,,,,,,,,,,,,,
station_combined,baseline,22,combined,6.400934677966102,0.3728813559322034,,,66.66747638225732,-40.162962819692865,-40.162962819692865,,,,,,,,,,,,,,,,,110.25615077425947,-10.56815572502454,0.0,0.0,0.0,0.0,110.25615077425947,-10.56815572502454,0.0,110.76147660168044,1158.069152933982,-811.6811861606378,3423.8000866269663,3704.3700603653506,,,,,,,,,,,,,,,
beam_node,baseline,23,main,6.691886254237288,0.38983050847457623,0.26115283134631734,0.27996171675036796,65.96315806777457,-39.40382725142012,-39.40382725142012,19.192084815644417,-11.4646056499182,-1.6548966371759022,0.0,0.0,0.0,17.537188178468515,0.0,-11.4646056499182,0.0,0.0,0.0,0.0,0.0,0.0,0.0,117.35686850946612,-10.534425426031298,0.0,0.0,0.0,-0.0,117.35686850946612,-10.534425426031298,0.0,117.8287261469152,,,,,,,,,,,,,,,,,,,
beam_node,baseline,23,rear,6.691886254237288,0.38983050847457623,0.7312279277696885,0.2821061910145701,65.96315806777457,-39.40382725142012,-39.40382725142012,0.0,0.0,0.0,-0.5171027430680104,0.0,0.0,-0.5171027430680104,0.0,0.0,0.0,0.0,0.0,0.0,0.0,0.0,0.0,-3.460392738365215,0.21564976341872388,0.0,0.0,0.0,0.0,-3.460392738365215,0.21564976341872388,0.0,3.467105813815503,,,,,,,,,,,,,,,,,,,
station_combined,baseline,23,combined,6.691886254237288,0.38983050847457623,,,65.96315806777457,-39.40382725142012,-39.40382725142012,,,,,,,,,,,,,,,,,113.89647577110091,-10.318775662612573,0.0,0.0,0.0,0.0,113.89647577110091,-10.318775662612573,0.0,114.36294996305536,1271.965628705083,-821.9999618232504,3423.8000866269663,3743.793200890156,,,,,,,,,,,,,,,
beam_node,baseline,24,main,6.982837830508474,0.4067796610169491,0.2587361740108363,0.295076653830854,65.20290356953164,-38.61342355330726,-38.61342355330726,18.970887571013403,-11.234636448061705,-1.6548966371759048,0.0,0.0,0.0,17.315990933837497,0.0,-11.234636448061705,0.0,0.0,0.0,0.0,0.0,0.0,0.0,120.91475656554225,-10.274341807432426,0.0,0.0,0.0,-0.0,120.91475656554225,-10.274341807432426,0.0,121.35048601007043,,,,,,,,,,,,,,,,,,,
beam_node,baseline,24,rear,6.982837830508474,0.4067796610169491,0.7244612872303416,0.2970811877378004,65.20290356953164,-38.61342355330726,-38.61342355330726,0.0,0.0,0.0,-0.5171027430680113,0.0,0.0,-0.5171027430680113,0.0,0.0,0.0,0.0,0.0,0.0,0.0,0.0,0.0,-3.610844596555013,0.2121507150344728,0.0,0.0,0.0,0.0,-3.610844596555013,0.2121507150344728,0.0,3.617071553945287,,,,,,,,,,,,,,,,,,,
station_combined,baseline,24,combined,6.982837830508474,0.4067796610169491,,,65.20290356953164,-38.61342355330726,-38.61342355330726,,,,,,,,,,,,,,,,,117.30391196898724,-10.062191092397953,0.0,0.0,0.0,0.0,117.30391196898724,-10.062191092397953,0.0,117.73468245511957,1389.2695406740702,-832.0621529156483,3423.8000866269663,3787.453539800348,,,,,,,,,,,,,,,
beam_node,baseline,25,main,7.273789406779661,0.423728813559322,0.25631951667535535,0.3102028907530109,64.4368200709513,-37.8666120189763,-37.8666120189763,18.74799436954611,-11.01735045497061,-1.6548966371759048,0.0,0.0,0.0,17.093097732370204,0.0,-11.01735045497061,0.0,0.0,0.0,0.0,0.0,0.0,0.0,124.33159321476384,-10.028108664880982,0.0,0.0,0.0,-0.0,124.33159321476384,-10.028108664880982,0.0,124.73535198457641,,,,,,,,,,,,,,,,,,,
beam_node,baseline,25,rear,7.273789406779661,0.423728813559322,0.7176946466909949,0.31206972997643023,64.4368200709513,-37.8666120189763,-37.8666120189763,0.0,0.0,0.0,-0.5171027430680113,0.0,0.0,-0.5171027430680113,0.0,0.0,0.0,0.0,0.0,0.0,0.0,0.0,0.0,-3.7612964547448056,0.2086516666502214,0.0,0.0,0.0,0.0,-3.7612964547448056,0.2086516666502214,0.0,3.767079311412458,,,,,,,,,,,,,,,,,,,
station_combined,baseline,25,combined,7.273789406779661,0.423728813559322,,,64.4368200709513,-37.8666120189763,-37.8666120189763,,,,,,,,,,,,,,,,,120.57029676001903,-9.819456998230761,0.0,0.0,0.0,0.0,120.57029676001903,-9.819456998230761,0.0,120.96949283409913,1509.8398374340893,-841.8816099138791,3423.8000866269663,3835.464510721094,,,,,,,,,,,,,,,
beam_node,baseline,26,main,7.564740983050847,0.44067796610169485,0.25390285933987433,0.32534042751683856,63.65114978054236,-37.22224814970804,-37.22224814970804,18.519402360122186,-10.829871771514808,-1.6548966371759048,0.0,0.0,0.0,16.86450572294628,0.0,-10.829871771514808,0.0,183.87747134709875,-4175.885931373377,-902.2941008931537,4.467134245652105,85.27200878700755,-586.7391093280733,127.57561760126728,-9.813103728440314,0.0,-5769.82544018418,-92.98496564586819,-1139.2195489832698,-5642.249822582912,-102.7980693743085,-1139.2195489832698,5757.028025317371,,,,,,,,,,,,,,,,,,,
beam_node,baseline,26,rear,7.564740983050847,0.44067796610169485,0.7109280061516481,0.32707181737851243,63.65114978054236,-37.22224814970804,-37.22224814970804,0.0,0.0,0.0,-0.5171027430680113,0.0,0.0,-0.5171027430680113,0.0,0.0,0.0,-183.8012092473804,1524.512814217548,193.77319894210555,-1.8276082151239403,3.6054474579495945,-110.00158340613194,-3.9117483129345976,0.20515261826596995,0.0,1077.9563594456597,-127.46760277194208,1995.2357233383173,1074.044611132725,-127.26245015367611,1995.2357233383173,2269.5226699920277,,,,,,,,,,,,,,,,,,,
station_combined,baseline,26,combined,7.564740983050847,0.44067796610169485,,,63.65114978054236,-37.22224814970804,-37.22224814970804,,,,,,,,,,,,,,,,,123.66386928833269,-9.607951110174344,0.0,-4691.86908073852,-220.45256841781026,856.0161743550475,-4568.205211450188,-230.0605195279846,856.0161743550475,4653.406320892641,-3058.365374016098,-1071.9421294418637,4279.816260982014,5368.378332198566,,,,,,,,,,,,,,,
beam_node,baseline,27,main,7.855692559322034,0.4576271186440678,0.2514862020043933,0.34048926412233715,62.86354406456159,-36.565626957566636,-36.565626957566636,18.290247235577386,-10.638826800648202,-1.6548966371759048,0.0,0.0,0.0,16.63535059840148,0.0,-10.638826800648202,0.0,0.0,0.0,0.0,0.0,0.0,0.0,130.68219991757587,-9.595672673002081,0.0,0.0,0.0,-0.0,130.68219991757587,-9.595672673002081,0.0,131.0340196641493,,,,,,,,,,,,,,,,,,,
beam_node,baseline,27,rear,7.855692559322034,0.4576271186440678,0.7041613656123012,0.3420874496031083,62.86354406456159,-36.565626957566636,-36.565626957566636,0.0,0.0,0.0,-0.5171027430680113,0.0,0.0,-0.5171027430680113,0.0,0.0,0.0,0.0,0.0,0.0,0.0,0.0,0.0,-4.06220017112439,0.20165356988171848,0.0,0.0,0.0,0.0,-4.06220017112439,0.20165356988171848,0.0,4.067202280748901,,,,,,,,,,,,,,,,,,,
station_combined,baseline,27,combined,7.855692559322034,0.4576271186440678,,,62.86354406456159,-36.565626957566636,-36.565626957566636,,,,,,,,,,,,,,,,,126.61999974645148,-9.394019103120362,0.0,0.0,0.0,0.0,126.61999974645148,-9.394019103120362,0.0,126.96799569458896,-2931.7453742696466,-1081.336148544984,4279.816260982014,5299.174089749046,,,,,,,,,,,,,,,
beam_node,baseline,28,main,8.14664413559322,0.47457627118644063,0.24906954466891232,0.3556494005695065,62.06228306427304,-35.857765288673974,-35.857765288673974,18.057119084538805,-10.43287333230193,-1.6548966371759048,0.0,0.0,0.0,16.4022224473629,0.0,-10.43287333230193,0.0,0.0,0.0,0.0,0.0,0.0,0.0,133.62306931150445,-9.364699437211579,0.0,0.0,0.0,-0.0,133.62306931150445,-9.364699437211579,0.0,133.95082025794554,,,,,,,,,,,,,,,,,,,
beam_node,baseline,28,rear,8.14664413559322,0.47457627118644063,0.6973947250729544,0.35711662632028585,62.06228306427304,-35.857765288673974,-35.857765288673974,0.0,0.0,0.0,-0.5171027430680113,0.0,0.0,-0.5171027430680113,0.0,0.0,0.0,0.0,0.0,0.0,0.0,0.0,0.0,-4.212652029314182,0.19815452149746704,0.0,0.0,0.0,0.0,-4.212652029314182,0.19815452149746704,0.0,4.217309845680631,,,,,,,,,,,,,,,,,,,
station_combined,baseline,28,combined,8.14664413559322,0.47457627118644063,,,62.06228306427304,-35.857765288673974,-35.857765288673974,,,,,,,,,,,,,,,,,129.41041728219028,-9.166544915714113,0.0,0.0,0.0,0.0,129.41041728219028,-9.166544915714113,0.0,129.73465861843712,-2802.3349569874563,-1090.5026934606983,4279.816260982014,5230.593136859814,,,,,,,,,,,,,,,
beam_node,baseline,29,main,8.437595711864407,0.4915254237288135,0.24665288733343133,0.3708208368583467,61.248039727050696,-35.17690731079413,-35.17690731079413,17.82021370210568,-10.234776630420992,-1.6548966371759073,0.0,0.0,0.0,16.165317064929773,0.0,-10.234776630420992,0.0,0.0,0.0,0.0,0.0,0.0,0.0,136.39640994797998,-9.142964865267954,0.0,0.0,0.0,-0.0,136.39640994797998,-9.142964865267954,0.0,136.70250346363426,,,,,,,,,,,,,,,,,,,
beam_node,baseline,29,rear,8.437595711864407,0.4915254237288135,0.6906280845336077,0.3721593472111191,61.248039727050696,-35.17690731079413,-35.17690731079413,0.0,0.0,0.0,-0.5171027430680121,0.0,0.0,-0.5171027430680121,0.0,0.0,0.0,0.0,0.0,0.0,0.0,0.0,0.0,-4.363103887503981,0.19465547311321593,0.0,0.0,0.0,0.0,-4.363103887503981,0.19465547311321593,0.0,4.367443907638115,,,,,,,,,,,,,,,,,,,
station_combined,baseline,29,combined,8.437595711864407,0.4915254237288135,,,61.248039727050696,-35.17690731079413,-35.17690731079413,,,,,,,,,,,,,,,,,132.033306060476,-8.948309392154739,0.0,0.0,0.0,0.0,132.033306060476,-8.948309392154739,0.0,132.33618609525158,-2670.30165092698,-1099.451002852853,4279.816260982014,5162.957547993549,,,,,,,,,,,,,,,
beam_node,baseline,30,main,8.728547288135594,0.5084745762711864,0.2442362299979503,0.3860035729888578,60.34934824887474,-34.629750417362835,-34.629750417362835,17.55873799994885,-10.07558046980948,-1.6548966371759022,0.0,0.0,0.0,15.903841362772948,0.0,-10.07558046980948,0.0,0.0,0.0,0.0,0.0,0.0,0.0,138.8174313979705,-8.962994739792356,0.0,0.0,0.0,-0.0,138.8174313979705,-8.962994739792356,0.0,139.10648631403134,,,,,,,,,,,,,,,,,,,
beam_node,baseline,30,rear,8.728547288135594,0.5084745762711864,0.6838614439942609,0.3872156119676861,60.34934824887474,-34.629750417362835,-34.629750417362835,0.0,0.0,0.0,-0.5171027430680104,0.0,0.0,-0.5171027430680104,0.0,0.0,0.0,0.0,0.0,0.0,0.0,0.0,0.0,-4.513555745693759,0.19115642472896385,0.0,0.0,0.0,0.0,-4.513555745693759,0.19115642472896385,0.0,4.517601824884561,,,,,,,,,,,,,,,,,,,
station_combined,baseline,30,combined,8.728547288135594,0.5084745762711864,,,60.34934824887474,-34.629750417362835,-34.629750417362835,,,,,,,,,,,,,,,,,134.30387565227673,-8.771838315063391,0.0,0.0,0.0,0.0,134.30387565227673,-8.771838315063391,0.0,134.5900299526225,-2535.997775274703,-1108.2228411679164,4279.816260982014,5096.692045793095,,,,,,,,,,,,,,,
beam_node,baseline,31,main,9.01949886440678,0.5254237288135593,0.24177777832923894,0.40261869364993197,59.44916116502324,-34.07169476311836,-34.07169476311836,17.296827148963292,-9.913213297560002,-1.6548966371759022,0.0,0.0,0.0,15.64193051178739,0.0,-9.913213297560002,0.0,0.0,0.0,0.0,0.0,0.0,0.0,141.0823744881961,-8.780495146301316,0.0,0.0,0.0,-0.0,141.0823744881961,-8.780495146301316,0.0,141.35534473885957,,,,,,,,,,,,,,,,,,,
beam_node,baseline,31,rear,9.01949886440678,0.5254237288135593,0.676977779321869,0.4036118722599428,59.44916116502324,-34.07169476311836,-34.07169476311836,0.0,0.0,0.0,-0.5171027430680104,0.0,0.0,-0.5171027430680104,0.0,0.0,0.0,0.0,0.0,0.0,0.0,0.0,0.0,-4.664007603883551,0.18759686284450966,0.0,0.0,0.0,0.0,-4.664007603883551,0.18759686284450966,0.0,4.667778862803237,,,,,,,,,,,,,,,,,,,
station_combined,baseline,31,combined,9.01949886440678,0.5254237288135593,,,59.44916116502324,-34.07169476311836,-34.07169476311836,,,,,,,,,,,,,,,,,136.41836688431255,-8.592898283456806,0.0,0.0,0.0,0.0,136.41836688431255,-8.592898283456806,0.0,136.6887293243036,-2399.5794083903907,-1116.8157394513732,4279.816260982014,5032.1055196432,,,,,,,,,,,,,,,
beam_node,baseline,32,main,9.310450440677966,0.5423728813559322,0.2392305142074202,0.4222653050032313,58.491916427422595,-33.4283716208526,-33.4283716208526,17.018315283681137,-9.726037415266077,-1.6548966371759073,0.0,0.0,0.0,15.36341864650523,0.0,-9.726037415266077,0.0,0.0,0.0,0.0,0.0,0.0,0.0,143.0403479076747,-8.574353153675265,0.0,0.0,0.0,-0.0,143.0403479076747,-8.574353153675265,0.0,143.29710625672996,,,,,,,,,,,,,,,,,,,
beam_node,baseline,32,rear,9.310450440677966,0.5423728813559322,0.6698454397807765,0.4228449576176488,58.491916427422595,-33.4283716208526,-33.4283716208526,0.0,0.0,0.0,-0.5171027430680121,0.0,0.0,-0.5171027430680121,0.0,0.0,0.0,0.0,0.0,0.0,0.0,0.0,0.0,-4.8144594620733585,0.1839087105033189,0.0,0.0,0.0,0.0,-4.8144594620733585,0.1839087105033189,0.0,4.817970768461208,,,,,,,,,,,,,,,,,,,
station_combined,baseline,32,combined,9.310450440677966,0.5423728813559322,,,58.491916427422595,-33.4283716208526,-33.4283716208526,,,,,,,,,,,,,,,,,138.22588844560133,-8.390444443171946,0.0,0.0,0.0,0.0,138.22588844560133,-8.390444443171946,0.0,138.48030832768166,-2261.3535199447892,-1125.2061838945451,4279.816260982014,4969.571000217954,,,,,,,,,,,,,,,
beam_node,baseline,33,main,9.601402016949153,0.559322033898305,0.23668325008560143,0.4419238268913209,57.538409785513686,-32.78884696299741,-32.78884696299741,16.740891023232642,-9.539966707998788,-1.6548966371759022,0.0,0.0,0.0,15.08599438605674,0.0,-9.539966707998788,0.0,0.0,0.0,0.0,0.0,0.0,0.0,144.84669692596879,-8.370650922363048,0.0,0.0,0.0,-0.0,144.84669692596879,-8.370650922363048,0.0,145.08836413450774,,,,,,,,,,,,,,,,,,,
beam_node,baseline,33,rear,9.601402016949153,0.559322033898305,0.662713100239684,0.4420985351131914,57.538409785513686,-32.78884696299741,-32.78884696299741,0.0,0.0,0.0,-0.5171027430680104,0.0,0.0,-0.5171027430680104,0.0,0.0,0.0,0.0,0.0,0.0,0.0,0.0,0.0,-4.964911320263135,0.18022055816212693,0.0,0.0,0.0,0.0,-4.964911320263135,0.18022055816212693,0.0,4.9681811427987705,,,,,,,,,,,,,,,,,,,
station_combined,baseline,33,combined,9.601402016949153,0.559322033898305,,,57.538409785513686,-32.78884696299741,-32.78884696299741,,,,,,,,,,,,,,,,,139.88178560570566,-8.190430364200921,0.0,0.0,0.0,0.0,139.88178560570566,-8.190430364200921,0.0,140.1213655863781,-2121.4717343390835,-1133.396614258746,4279.816260982014,4909.384628706425,,,,,,,,,,,,,,,
beam_node,baseline,34,main,9.892353593220339,0.5762711864406779,0.2341359859637827,0.46159425931420056,56.51026440412216,-32.21420047962749,-32.21420047962749,16.44175050388084,-9.372772407863618,-1.6548966371759022,0.0,0.0,0.0,14.786853866704938,0.0,-9.372772407863618,0.0,0.0,0.0,0.0,0.0,0.0,0.0,146.27678698072265,-8.188976988707367,0.0,0.0,0.0,-0.0,146.27678698072265,-8.188976988707367,0.0,146.50582839438604,,,,,,,,,,,,,,,,,,,
beam_node,baseline,34,rear,9.892353593220339,0.5762711864406779,0.6555807606985915,0.4613726026874065,56.51026440412216,-32.21420047962749,-32.21420047962749,0.0,0.0,0.0,-0.5171027430680104,0.0,0.0,-0.5171027430680104,0.0,0.0,0.0,0.0,0.0,0.0,0.0,0.0,0.0,-5.1153631784529265,0.17653240582093557,0.0,0.0,0.0,0.0,-5.1153631784529265,0.17653240582093557,0.0,5.118408359810397,,,,,,,,,,,,,,,,,,,
station_combined,baseline,34,combined,9.892353593220339,0.5762711864406779,,,56.51026440412216,-32.21420047962749,-32.21420047962749,,,,,,,,,,,,,,,,,141.16142380226972,-8.012444582886431,0.0,0.0,0.0,0.0,141.16142380226972,-8.012444582886431,0.0,141.38863758477137,-1980.3103105368136,-1141.4090588416325,4279.816260982014,4851.934747437378,,,,,,,,,,,,,,,
beam_node,baseline,35,main,10.183305169491526,0.5932203389830508,0.23158872184196394,0.48127660227187063,55.49022196100262,-31.638639146184385,-31.638639146184385,16.144967547191747,-9.205311930657627,-1.6548966371759073,0.0,0.0,0.0,14.49007091001584,0.0,-9.205311930657627,0.0,0.0,0.0,0.0,0.0,0.0,0.0,147.5568140042631,-8.008366112397583,0.0,0.0,0.0,-0.0,147.5568140042631,-8.008366112397583,0.0,147.77397364515474,,,,,,,,,,,,,,,,,,,
beam_node,baseline,35,rear,10.183305169491526,0.5932203389830508,0.648448421157499,0.4806671583732145,55.49022196100262,-31.638639146184385,-31.638639146184385,0.0,0.0,0.0,-0.5171027430680121,0.0,0.0,-0.5171027430680121,0.0,0.0,0.0,0.0,0.0,0.0,0.0,0.0,0.0,-5.265815036642736,0.17284425347974477,0.0,0.0,0.0,0.0,-5.265815036642736,0.17284425347974477,0.0,5.268650978769965,,,,,,,,,,,,,,,,,,,
station_combined,baseline,35,combined,10.183305169491526,0.5932203389830508,,,55.49022196100262,-31.638639146184385,-31.638639146184385,,,,,,,,,,,,,,,,,142.29099896762034,-7.835521858917838,0.0,0.0,0.0,0.0,142.29099896762034,-7.835521858917838,0.0,142.50657455010597,-1838.0193115691932,-1149.2445807005504,4279.816260982014,4797.489481357613,,,,,,,,,,,,,,,
beam_node,baseline,36,main,10.474256745762712,0.6101694915254237,0.2290414577201452,0.500970855764331,54.42078155520768,-30.810883933488405,-30.810883933488405,15.833812175397613,-8.96447524675704,-1.572361153150743,0.0,0.0,0.0,14.26145102224687,0.0,-8.96447524675704,0.0,493.66278422449255,349.3382777616253,-110.81601257674681,28.87114434499843,37.61748579257452,236.27550080462203,149.3780995741338,-7.750086789426526,0.0,-1339.6383850714287,164.99015730574212,-5200.497536642872,-1190.260285497295,157.2400705163156,-5200.497536642872,5337.285697396819,,,,,,,,,,,,,,,,,,,
beam_node,baseline,36,rear,10.474256745762712,0.6101694915254237,0.6413160816164065,0.49998220029559237,54.42078155520768,-30.810883933488405,-30.810883933488405,0.0,0.0,0.0,-1.2798703532521265,0.0,0.0,-1.2798703532521265,0.0,0.0,0.0,-493.66278422449255,-349.3382777616253,110.81601257674681,-28.525769146249676,7.581081702850865,-92.25219372788028,-13.405690681252791,0.4186747833408376,0.0,1338.9476346739314,-255.38729229659288,5056.47422956613,1325.5419439926786,-254.96861751325204,5056.47422956613,5233.5458415367775,,,,,,,,,,,,,,,,,,,
station_combined,baseline,36,combined,10.474256745762712,0.6101694915254237,,,54.42078155520768,-30.810883933488405,-30.810883933488405,,,,,,,,,,,,,,,,,135.97240889288102,-7.331412006085689,0.0,-0.6907503974973679,-90.39713499085076,-144.02330707674173,135.28165849538368,-97.72854699693644,-144.02330707674173,220.44207630285894,-1702.7376530738095,-1246.973127697487,4135.792953905272,4643.17142198815,,,,,,,,,,,,,,,
beam_node,baseline,37,main,10.7652083220339,0.6271186440677966,0.22649419359832643,0.5206770197915815,53.35557840402486,-29.98037222085465,-29.98037222085465,15.523889639511887,-8.72283655485454,-1.4898256691255742,0.0,0.0,0.0,14.034063970386313,0.0,-8.72283655485454,0.0,0.0,0.0,0.0,0.0,0.0,0.0,151.07962224595886,-7.4920620503534,0.0,0.0,0.0,-0.0,151.07962224595886,-7.4920620503534,0.0,151.26527444112205,,,,,,,,,,,,,,,,,,,
beam_node,baseline,37,rear,10.7652083220339,0.6271186440677966,0.6341837420753139,0.5193177266715484,53.35557840402486,-29.98037222085465,-29.98037222085465,0.0,0.0,0.0,-2.042637963436235,0.0,0.0,-2.042637963436235,0.0,0.0,0.0,0.0,0.0,0.0,0.0,0.0,0.0,-21.98942320288613,0.6536246780283667,0.0,0.0,0.0,0.0,-21.98942320288613,0.6536246780283667,0.0,21.99913539245019,,,,,,,,,,,,,,,,,,,
station_combined,baseline,37,combined,10.7652083220339,0.6271186440677966,,,53.35557840402486,-29.98037222085465,-29.98037222085465,,,,,,,,,,,,,,,,,129.09019904307274,-6.838437372325034,0.0,0.0,0.0,0.0,129.09019904307274,-6.838437372325034,0.0,129.2712021862385,-1573.6474540307368,-1253.8115650698119,4135.792953905272,4599.260060906833,,,,,,,,,,,,,,,
beam_node,baseline,38,main,11.056159898305085,0.6440677966101694,0.2239469294765077,0.5403950943536222,52.20194719433738,-29.110109145608234,-29.110109145608234,15.188238820617679,-8.469632141340986,-1.4898256691255742,0.0,0.0,0.0,13.698413151492105,0.0,-8.469632141340986,0.0,0.0,0.0,0.0,0.0,0.0,0.0,151.45184615594198,-7.233400428646291,0.0,0.0,0.0,-0.0,151.45184615594198,-7.233400428646291,0.0,151.62448280473788,,,,,,,,,,,,,,,,,,,
beam_node,baseline,38,rear,11.056159898305085,0.6440677966101694,0.6270514025342215,0.5386737358100989,52.20194719433738,-29.110109145608234,-29.110109145608234,0.0,0.0,0.0,-2.042637963436235,0.0,0.0,-2.042637963436235,0.0,0.0,0.0,0.0,0.0,0.0,0.0,0.0,0.0,-22.583731938099266,0.639055890513614,0.0,0.0,0.0,0.0,-22.583731938099266,0.639055890513614,0.0,22.592771868080398,,,,,,,,,,,,,,,,,,,
station_combined,baseline,38,combined,11.056159898305085,0.6440677966101694,,,52.20194719433738,-29.110109145608234,-29.110109145608234,,,,,,,,,,,,,,,,,128.8681142178427,-6.5943445381326775,0.0,0.0,0.0,0.0,128.8681142178427,-6.5943445381326775,0.0,129.0367243925176,-1444.779339812894,-1260.4059096079445,4135.792953905272,4558.595590233609,,,,,,,,,,,,,,,
beam_node,baseline,39,main,11.347111474576272,0.6610169491525423,0.22139966535468894,0.5601250794504532,51.04326213460449,-28.23450680361603,-28.23450680361603,14.851117576086567,-8.214874259751635,-1.4898256691255787,0.0,0.0,0.0,13.36129190696099,0.0,-8.214874259751635,0.0,0.0,0.0,0.0,0.0,0.0,0.0,151.6120687126401,-6.975031767541335,0.0,0.0,0.0,-0.0,151.6120687126401,-6.975031767541335,0.0,151.77242980029186,,,,,,,,,,,,,,,,,,,
beam_node,baseline,39,rear,11.347111474576272,0.6610169491525423,0.619919062993129,0.5580502261122469,51.04326213460449,-28.23450680361603,-28.23450680361603,0.0,0.0,0.0,-2.042637963436241,0.0,0.0,-2.042637963436241,0.0,0.0,0.0,0.0,0.0,0.0,0.0,0.0,0.0,-23.178040673312477,0.624487102998863,0.0,0.0,0.0,0.0,-23.178040673312477,0.624487102998863,0.0,23.186451940638513,,,,,,,,,,,,,,,,,,,
station_combined,baseline,39,combined,11.347111474576272,0.6610169491525423,,,51.04326213460449,-28.23450680361603,-28.23450680361603,,,,,,,,,,,,,,,,,128.43402803932764,-6.350544664542472,0.0,0.0,0.0,0.0,128.43402803932764,-6.350544664542472,0.0,128.59093660108067,-1316.3453117735664,-1266.756454272487,4135.792953905272,4521.307360912521,,,,,,,,,,,,,,,
beam_node,baseline,40,main,11.638063050847459,0.6779661016949152,0.2188524012328702,0.5798669750820745,49.6570226633099,-27.252713882708427,-27.252713882708427,14.447789016824027,-7.929220061841653,-1.4898256691255742,0.0,0.0,0.0,12.957963347698453,0.0,-7.929220061841653,0.0,0.0,0.0,0.0,0.0,0.0,0.0,150.805594451085,-6.693796526987603,0.0,0.0,0.0,-0.0,150.805594451085,-6.693796526987603,0.0,150.9540798709655,,,,,,,,,,,,,,,,,,,
beam_node,baseline,40,rear,11.638063050847459,0.6779661016949152,0.6127867234520366,0.5774471960709624,49.6570226633099,-27.252713882708427,-27.252713882708427,0.0,0.0,0.0,-2.042637963436235,0.0,0.0,-2.042637963436235,0.0,0.0,0.0,0.0,0.0,0.0,0.0,0.0,0.0,-23.772349408525546,0.6099183154841082,0.0,0.0,0.0,0.0,-23.772349408525546,0.6099183154841082,0.0,23.780172344888246,,,,,,,,,,,,,,,,,,,
station_combined,baseline,40,combined,11.638063050847459,0.6779661016949152,,,49.6570226633099,-27.252713882708427,-27.252713882708427,,,,,,,,,,,,,,,,,127.03324504255946,-6.083878211503494,0.0,0.0,0.0,0.0,127.03324504255946,-6.083878211503494,0.0,127.17884619753147,-1189.312066731007,-1272.8403324839906,4135.792953905272,4487.6908384649705,,,,,,,,,,,,,,,
beam_node,baseline,41,main,11.929014627118644,0.6949152542372881,0.21630513711105145,0.599620781248486,48.24637737090464,-26.263022140406832,-26.263022140406832,14.037359545439186,-7.641267689396427,-1.4898256691255742,0.0,0.0,0.0,12.547533876313612,0.0,-7.641267689396427,0.0,0.0,0.0,0.0,0.0,0.0,0.0,149.67971514481178,-6.413012975693121,0.0,0.0,0.0,-0.0,149.67971514481178,-6.413012975693121,0.0,149.81703461642272,,,,,,,,,,,,,,,,,,,
beam_node,baseline,41,rear,11.929014627118644,0.6949152542372881,0.6056543839109441,0.5968646442711655,48.24637737090464,-26.263022140406832,-26.263022140406832,0.0,0.0,0.0,-2.042637963436235,0.0,0.0,-2.042637963436235,0.0,0.0,0.0,0.0,0.0,0.0,0.0,0.0,0.0,-24.366658143738682,0.5953495279693554,0.0,0.0,0.0,0.0,-24.366658143738682,0.5953495279693554,0.0,24.373930133531605,,,,,,,,,,,,,,,,,,,
station_combined,baseline,41,combined,11.929014627118644,0.6949152542372881,,,48.24637737090464,-26.263022140406832,-26.263022140406832,,,,,,,,,,,,,,,,,125.3130570010731,-5.817663447723766,0.0,0.0,0.0,0.0,125.3130570010731,-5.817663447723766,0.0,125.44802693922762,-1063.999009729934,-1278.6579959317144,4135.792953905272,4457.784597851144,,,,,,,,,,,,,,,
beam_node,baseline,42,main,12.21996620338983,0.711864406779661,0.21363220873799418,0.6220522528782307,46.57035282124125,-25.277435503370615,-25.277435503370615,13.54971756084546,-7.354509703798945,-1.4898256691255787,0.0,0.0,0.0,12.059891891719882,0.0,-7.354509703798945,0.0,0.0,0.0,0.0,0.0,0.0,0.0,147.37147133335202,-6.141754128222966,0.0,0.0,0.0,-0.0,147.37147133335202,-6.141754128222966,0.0,147.4993956147907,,,,,,,,,,,,,,,,,,,
beam_node,baseline,42,rear,12.21996620338983,0.711864406779661,0.5981701844663837,0.6189393965412543,46.57035282124125,-25.277435503370615,-25.277435503370615,0.0,0.0,0.0,-2.042637963436241,0.0,0.0,-2.042637963436241,0.0,0.0,0.0,0.0,0.0,0.0,0.0,0.0,0.0,-24.960966878951897,0.5800620180579698,0.0,0.0,0.0,0.0,-24.960966878951897,0.5800620180579698,0.0,24.96770593140121,,,,,,,,,,,,,,,,,,,
station_combined,baseline,42,combined,12.21996620338983,0.711864406779661,,,46.57035282124125,-25.277435503370615,-25.277435503370615,,,,,,,,,,,,,,,,,122.41050445440013,-5.561692110164996,0.0,0.0,0.0,0.0,122.41050445440013,-5.561692110164996,0.0,122.53678639457208,-941.5885052755339,-1284.2196880418794,4135.792953905272,4431.770806121847,,,,,,,,,,,,,,,
beam_node,baseline,43,main,12.510917779661018,0.7288135593220338,0.21090542434540768,0.6456388130640011,44.853164739372495,-24.30234452923172,-24.30234452923172,13.050098981671649,-7.0708054478654265,-1.4898256691255787,0.0,0.0,0.0,11.56027331254607,0.0,-7.0708054478654265,0.0,0.0,0.0,0.0,0.0,0.0,0.0,144.62962892367338,-5.876769675993172,0.0,0.0,0.0,-0.0,144.62962892367338,-5.876769675993172,0.0,144.74897576295362,,,,,,,,,,,,,,,,,,,
beam_node,baseline,43,rear,12.510917779661018,0.7288135593220338,0.5905351881671415,0.6421668689528145,44.853164739372495,-24.30234452923172,-24.30234452923172,0.0,0.0,0.0,-2.042637963436241,0.0,0.0,-2.042637963436241,0.0,0.0,0.0,0.0,0.0,0.0,0.0,0.0,0.0,-25.55527561416504,0.5644664847664423,0.0,0.0,0.0,0.0,-25.55527561416504,0.5644664847664423,0.0,25.56150883904084,,,,,,,,,,,,,,,,,,,
station_combined,baseline,43,combined,12.510917779661018,0.7288135593220338,,,44.853164739372495,-24.30234452923172,-24.30234452923172,,,,,,,,,,,,,,,,,119.07435330950834,-5.31230319122673,0.0,0.0,0.0,0.0,119.07435330950834,-5.31230319122673,0.0,119.19279416673282,-822.5141519660256,-1289.531991233106,4135.792953905272,4409.55844095194,,,,,,,,,,,,,,,
beam_node,baseline,44,main,12.801869355932205,0.7457627118644068,0.20817863995282118,0.6692381231880662,42.91965938908356,-23.25887410996707,-23.25887410996707,12.487542552276274,-6.767206084587999,-1.4898256691255742,0.0,0.0,0.0,10.9977168831507,0.0,-6.767206084587999,0.0,0.0,0.0,0.0,0.0,0.0,0.0,140.7913347516252,-5.601287153866297,0.0,0.0,0.0,-0.0,140.7913347516252,-5.601287153866297,0.0,140.90271239023133,,,,,,,,,,,,,,,,,,,
beam_node,baseline,44,rear,12.801869355932205,0.7457627118644068,0.5829001918678993,0.6654173774258356,42.91965938908356,-23.25887410996707,-23.25887410996707,0.0,0.0,0.0,-2.042637963436235,0.0,0.0,-2.042637963436235,0.0,0.0,0.0,0.0,0.0,0.0,0.0,0.0,0.0,-26.149584349378102,0.5488709514749135,0.0,0.0,0.0,0.0,-26.149584349378102,0.5488709514749135,0.0,26.155344023098095,,,,,,,,,,,,,,,,,,,
station_combined,baseline,44,combined,12.801869355932205,0.7457627118644068,,,42.91965938908356,-23.25887410996707,-23.25887410996707,,,,,,,,,,,,,,,,,114.64175040224708,-5.052416202391383,0.0,0.0,0.0,0.0,114.64175040224708,-5.052416202391383,0.0,114.75302978472206,-707.8724015637785,-1294.5844074354975,4135.792953905272,4391.1064075518925,,,,,,,,,,,,,,,
beam_node,baseline,45,main,13.09282093220339,0.7627118644067796,0.20545185556023468,0.6928501832504256,40.94478233846312,-22.20915071795238,-22.20915071795238,11.912948961456465,-6.461787409032588,-1.4898256691255742,0.0,0.0,0.0,10.42312329233089,0.0,-6.461787409032588,0.0,0.0,0.0,0.0,0.0,0.0,0.0,136.4680868207666,-5.328362197651971,0.0,0.0,0.0,-0.0,136.4680868207666,-5.328362197651971,0.0,136.57206948798006,,,,,,,,,,,,,,,,,,,
beam_node,baseline,45,rear,13.09282093220339,0.7627118644067796,0.5752651955686571,0.6886909206331899,40.94478233846312,-22.20915071795238,-22.20915071795238,0.0,0.0,0.0,-2.042637963436235,0.0,0.0,-2.042637963436235,0.0,0.0,0.0,0.0,0.0,0.0,0.0,0.0,0.0,-26.74389308459124,0.5332754181833861,0.0,0.0,0.0,0.0,-26.74389308459124,0.5332754181833861,0.0,26.74920933395389,,,,,,,,,,,,,,,,,,,
station_combined,baseline,45,combined,13.09282093220339,0.7627118644067796,,,40.94478233846312,-22.20915071795238,-22.20915071795238,,,,,,,,,,,,,,,,,109.72419373617535,-4.795086779468584,0.0,0.0,0.0,0.0,109.72419373617535,-4.795086779468584,0.0,109.82891945328596,-598.1482078276031,-1299.3794942149661,4135.792953905272,4376.180035840186,,,,,,,,,,,,,,,
beam_node,baseline,46,main,13.383772508474577,0.7796610169491525,0.20272507116764818,0.71647499325108,38.95360851087125,-20.53965406580954,-20.53965406580954,11.333613797688713,-5.976044726512179,-1.4038961018800657,0.0,0.0,0.0,9.929717695808648,0.0,-5.976044726512179,0.0,-645.9159497402228,7436.094342760629,523.6200933821818,78.0012750828891,-127.9536776765672,2025.352622999409,132.8970827140773,-4.869196940327788,0.0,2133.463399171268,-230.31828402223638,7815.904058439094,2266.3604818853455,-235.18748096256417,7815.904058439094,8141.256612819534,,,,,,,,,,,,,,,,,,,
beam_node,baseline,46,rear,13.383772508474577,0.7796610169491525,0.5676301992694148,0.7119874973730402,38.95360851087125,-20.53965406580954,-20.53965406580954,0.0,0.0,0.0,-2.042637963436241,0.0,0.0,-2.042637963436241,0.0,0.0,0.0,645.9159497402228,-7436.094342760629,-523.6200933821818,-44.63183237103598,-60.21943441369751,688.1163357224808,-27.33820181980446,0.5176798848918602,0.0,-2200.2022845949755,606.6645082027657,-10529.373017160984,-2227.54048641478,607.1821880876576,-10529.373017160984,10779.531667130335,,,,,,,,,,,,,,,,,,,
station_combined,baseline,46,combined,13.383772508474577,0.7796610169491525,,,38.95360851087125,-20.53965406580954,-20.53965406580954,,,,,,,,,,,,,,,,,105.55888089427285,-4.351517055435927,0.0,-66.73888542370742,376.34622418052925,-2713.46895872189,38.81999547056557,371.9947071250934,-2713.46895872189,2739.1241016289637,-559.3282123570375,-927.3847870898728,1422.323995183382,1787.7069501846954,,,,,,,,,,,,,,,
beam_node,baseline,47,main,13.674724084745764,0.7966101694915254,0.19999828677506168,0.740112553190029,36.97769156709757,-18.677320160611146,-18.677320160611146,10.758717648316782,-5.434195741251415,-1.3179665346345488,0.0,0.0,0.0,9.440751113682234,0.0,-5.434195741251415,0.0,0.0,0.0,0.0,0.0,0.0,0.0,129.09966663236082,-4.35610928843065,0.0,0.0,0.0,-0.0,129.09966663236082,-4.35610928843065,0.0,129.17313812368053,,,,,,,,,,,,,,,,,,,
beam_node,baseline,47,rear,13.674724084745764,0.7966101694915254,0.5599952029701727,0.7353071065688312,36.97769156709757,-18.677320160611146,-18.677320160611146,0.0,0.0,0.0,-2.042637963436235,0.0,0.0,-2.042637963436235,0.0,0.0,0.0,0.0,0.0,0.0,0.0,0.0,0.0,-27.932510555017515,0.5020843516003316,0.0,0.0,0.0,0.0,-27.932510555017515,0.5020843516003316,0.0,27.93702265099642,,,,,,,,,,,,,,,,,,,
station_combined,baseline,47,combined,13.674724084745764,0.7966101694915254,,,36.97769156709757,-18.677320160611146,-18.677320160611146,,,,,,,,,,,,,,,,,101.16715607734331,-3.8540249368303185,0.0,0.0,0.0,0.0,101.16715607734331,-3.8540249368303185,0.0,101.24054018520077,-458.1610562796942,-931.2388120267032,1422.323995183382,1760.7165660010837,,,,,,,,,,,,,,,
beam_node,baseline,48,main,13.965675661016949,0.8135593220338982,0.19727150238247518,0.7637628630672725,35.27122954882057,-16.808994514283174,-16.808994514283174,10.26221983425218,-4.890603449464409,-1.3179665346345488,0.0,0.0,0.0,8.944253299617632,0.0,-4.890603449464409,0.0,0.0,0.0,0.0,0.0,0.0,0.0,124.9125406124405,-3.8448255078772235,0.0,0.0,0.0,-0.0,124.9125406124405,-3.8448255078772235,0.0,124.97169873791674,,,,,,,,,,,,,,,,,,,
beam_node,baseline,48,rear,13.965675661016949,0.8135593220338982,0.5523602066709304,0.7586497472692864,35.27122954882057,-16.808994514283174,-16.808994514283174,0.0,0.0,0.0,-2.042637963436235,0.0,0.0,-2.042637963436235,0.0,0.0,0.0,0.0,0.0,0.0,0.0,0.0,0.0,-28.52681929023065,0.4864888183088042,0.0,0.0,0.0,0.0,-28.52681929023065,0.4864888183088042,0.0,28.530967214376297,,,,,,,,,,,,,,,,,,,
station_combined,baseline,48,combined,13.965675661016949,0.8135593220338982,,,35.27122954882057,-16.808994514283174,-16.808994514283174,,,,,,,,,,,,,,,,,96.38572132220985,-3.3583366895684192,0.0,0.0,0.0,0.0,96.38572132220985,-3.3583366895684192,0.0,96.44421029861357,-361.77533495748435,-934.5971487162716,1422.323995183382,1739.930679839459,,,,,,,,,,,,,,,
beam_node,baseline,49,main,14.256627237288136,0.8305084745762711,0.1944114860365963,0.7889973971078327,33.68424864437498,-14.993200284771588,-14.993200284771588,9.800485238591493,-4.362295256203902,-1.3179665346345528,0.0,0.0,0.0,8.482518703956941,0.0,-4.362295256203902,0.0,0.0,0.0,0.0,0.0,0.0,0.0,120.9321071956386,-3.346243999410926,0.0,0.0,0.0,-0.0,120.9321071956386,-3.346243999410926,0.0,120.97839435073115,,,,,,,,,,,,,,,,,,,
beam_node,baseline,49,rear,14.256627237288136,0.8305084745762711,0.5443521609024696,0.7836553261693745,33.68424864437498,-14.993200284771588,-14.993200284771588,0.0,0.0,0.0,-2.042637963436241,0.0,0.0,-2.042637963436241,0.0,0.0,0.0,0.0,0.0,0.0,0.0,0.0,0.0,-29.12112802544388,0.47013128000921267,0.0,0.0,0.0,0.0,-29.12112802544388,0.47013128000921267,0.0,29.12492267620184,,,,,,,,,,,,,,,,,,,
station_combined,baseline,49,combined,14.256627237288136,0.8305084745762711,,,33.68424864437498,-14.993200284771588,-14.993200284771588,,,,,,,,,,,,,,,,,91.81097917019471,-2.8761127194017133,0.0,0.0,0.0,0.0,91.81097917019471,-2.8761127194017133,0.0,91.85601733454718,-269.9643557872896,-937.4732614356733,1422.323995183382,1724.7441597457002,,,,,,,,,,,,,,,
beam_node,baseline,50,main,14.547578813559323,0.847457627118644,0.19146981170648955,0.8152086529319655,32.31390197141444,-13.184014362045467,-13.184014362045467,9.401780714055647,-3.8359097602190957,-1.3179665346345528,0.0,0.0,0.0,8.083814179421093,0.0,-3.8359097602190957,0.0,0.0,0.0,0.0,0.0,0.0,0.0,117.59992388929673,-2.843836095583166,0.0,0.0,0.0,-0.0,117.59992388929673,-2.843836095583166,0.0,117.63430410601715,,,,,,,,,,,,,,,,,,,
beam_node,baseline,50,rear,14.547578813559323,0.847457627118644,0.5361154727781707,0.809687960655633,32.31390197141444,-13.184014362045467,-13.184014362045467,0.0,0.0,0.0,-2.042637963436241,0.0,0.0,-2.042637963436241,0.0,0.0,0.0,0.0,0.0,0.0,0.0,0.0,0.0,-29.715436760657024,0.4533067081535353,0.0,0.0,0.0,0.0,-29.715436760657024,0.4533067081535353,0.0,29.718894139053422,,,,,,,,,,,,,,,,,,,
station_combined,baseline,50,combined,14.547578813559323,0.847457627118644,,,32.31390197141444,-13.184014362045467,-13.184014362045467,,,,,,,,,,,,,,,,,87.8844871286397,-2.3905293874296305,0.0,0.0,0.0,0.0,87.8844871286397,-2.3905293874296305,0.0,87.91699328694199,-182.0798686586499,-939.8637908231029,1422.323995183382,1714.4977606125772,,,,,,,,,,,,,,,
beam_node,baseline,51,main,14.83853038983051,0.864406779661017,0.18852813737638283,0.8414336634799022,31.05485338557527,-11.445098291691261,-11.445098291691261,9.035458543403704,-3.3299693885462314,-1.3179665346345488,0.0,0.0,0.0,7.717492008769156,0.0,-3.3299693885462314,0.0,0.0,0.0,0.0,0.0,0.0,0.0,114.51623970539522,-2.3601497008725816,0.0,0.0,0.0,-0.0,114.51623970539522,-2.3601497008725816,0.0,114.54055815681215,,,,,,,,,,,,,,,,,,,
beam_node,baseline,51,rear,14.83853038983051,0.864406779661017,0.5278787846538718,0.8357422976411099,31.05485338557527,-11.445098291691261,-11.445098291691261,0.0,0.0,0.0,-2.042637963436235,0.0,0.0,-2.042637963436235,0.0,0.0,0.0,0.0,0.0,0.0,0.0,0.0,0.0,-30.30974549587007,0.4364821362978566,0.0,0.0,0.0,0.0,-30.30974549587007,0.4364821362978566,0.0,30.312888161303984,,,,,,,,,,,,,,,,,,,
station_combined,baseline,51,combined,14.83853038983051,0.864406779661017,,,31.05485338557527,-11.445098291691261,-11.445098291691261,,,,,,,,,,,,,,,,,84.20649420952515,-1.923667564574725,0.0,0.0,0.0,0.0,84.20649420952515,-1.923667564574725,0.0,84.22846409592061,-97.87337444912475,-941.7874583876777,1422.323995183382,1708.6685932259647,,,,,,,,,,,,,,,
beam_node,baseline,52,main,15.129481966101695,0.8813559322033897,0.1855864630462761,0.8676724287516421,29.78424328367824,-9.615398383010628,-9.615398383010628,8.66577253143067,-2.797615316012356,-1.3179665346345488,0.0,0.0,0.0,7.347805996796122,0.0,-2.797615316012356,0.0,0.0,0.0,0.0,0.0,0.0,0.0,111.16849831894082,-1.852637419257758,0.0,0.0,0.0,-0.0,111.16849831894082,-1.852637419257758,0.0,111.18393446849946,,,,,,,,,,,,,,,,,,,
beam_node,baseline,52,rear,15.129481966101695,0.8813559322033897,0.519642096529573,0.8618183371854196,29.78424328367824,-9.615398383010628,-9.615398383010628,0.0,0.0,0.0,-2.042637963436235,0.0,0.0,-2.042637963436235,0.0,0.0,0.0,0.0,0.0,0.0,0.0,0.0,0.0,-30.904054231083208,0.4196575644421795,0.0,0.0,0.0,0.0,-30.904054231083208,0.4196575644421795,0.0,30.906903442259072,,,,,,,,,,,,,,,,,,,
station_combined,baseline,52,combined,15.129481966101695,0.8813559322033897,,,29.78424328367824,-9.615398383010628,-9.615398383010628,,,,,,,,,,,,,,,,,80.26444408785761,-1.4329798548155783,0.0,0.0,0.0,0.0,80.26444408785761,-1.4329798548155783,0.0,80.27723473063287,-17.60893036126714,-943.2204382424933,1422.323995183382,1706.7455630003103,,,,,,,,,,,,,,,
beam_node,baseline,53,main,15.420433542372882,0.8983050847457626,0.18264478871616935,0.8939249487471856,28.485546149800403,-7.80507668920993,-7.80507668920993,8.287914553230067,-2.270899365643126,-1.3179665346345528,0.0,0.0,0.0,6.969948018595514,0.0,-2.270899365643126,0.0,0.0,0.0,0.0,0.0,0.0,0.0,107.47962021454568,-1.3540132612898492,0.0,0.0,0.0,-0.0,107.47962021454568,-1.3540132612898492,0.0,107.48814871126363,,,,,,,,,,,,,,,,,,,
beam_node,baseline,53,rear,15.420433542372882,0.8983050847457626,0.5114054084052742,0.887916079416887,28.485546149800403,-7.80507668920993,-7.80507668920993,0.0,0.0,0.0,-2.042637963436241,0.0,0.0,-2.042637963436241,0.0,0.0,0.0,0.0,0.0,0.0,0.0,0.0,0.0,-31.498362966296444,0.4028329925865034,0.0,0.0,0.0,0.0,-31.498362966296444,0.4028329925865034,0.0,31.500938779288333,,,,,,,,,,,,,,,,,,,
station_combined,baseline,53,combined,15.420433542372882,0.8983050847457626,,,28.485546149800403,-7.80507668920993,-7.80507668920993,,,,,,,,,,,,,,,,,75.98125724824924,-0.9511802687033458,0.0,0.0,0.0,0.0,75.98125724824924,-0.9511802687033458,0.0,75.98721074581036,58.372326886982094,-944.1716185111966,1422.323995183382,1708.1782462678393,,,,,,,,,,,,,,,
beam_node,baseline,54,main,15.711385118644069,0.9152542372881356,0.17945940606556554,0.9216654971233,26.99955346387119,-5.965491862431227,-5.965491862431227,7.8555626389314845,-1.735669260607299,-1.3179665346345488,0.0,0.0,0.0,6.537596104296936,0.0,-1.735669260607299,0.0,0.0,0.0,0.0,0.0,0.0,0.0,102.71469014475632,-0.8548336504822822,0.0,0.0,0.0,-0.0,102.71469014475632,-0.8548336504822822,0.0,102.7182472207509,,,,,,,,,,,,,,,,,,,
beam_node,baseline,54,rear,15.711385118644069,0.9152542372881356,0.5024863369835835,0.9155181474674593,26.99955346387119,-5.965491862431227,-5.965491862431227,0.0,0.0,0.0,-2.042637963436235,0.0,0.0,-2.042637963436235,0.0,0.0,0.0,0.0,0.0,0.0,0.0,0.0,0.0,-32.09267170150949,0.3846145587019576,0.0,0.0,0.0,0.0,-32.09267170150949,0.3846145587019576,0.0,32.094976324958296,,,,,,,,,,,,,,,,,,,
station_combined,baseline,54,combined,15.711385118644069,0.9152542372881356,,,26.99955346387119,-5.965491862431227,-5.965491862431227,,,,,,,,,,,,,,,,,70.62201844324683,-0.4702190917803246,0.0,0.0,0.0,0.0,70.62201844324683,-0.4702190917803246,0.0,70.62358384415627,128.99434533022892,-944.6418376029769,1422.323995183382,1712.3064240233175,,,,,,,,,,,,,,,
beam_node,baseline,55,main,16.002336694915254,0.9322033898305083,0.17624694440245245,0.949584813127146,25.342834511156127,-4.176059218672145,-4.176059218672145,7.3735376482006885,-1.2150310122744783,-1.3179665346345488,0.0,0.0,0.0,6.05557111356614,0.0,-1.2150310122744783,0.0,0.0,0.0,0.0,0.0,0.0,0.0,96.90328783928827,-0.3796872035410953,0.0,0.0,0.0,-0.0,96.90328783928827,-0.3796872035410953,0.0,96.90403168308575,,,,,,,,,,,,,,,,,,,
beam_node,baseline,55,rear,16.002336694915254,0.9322033898305083,0.4934914443268668,0.9433085567764093,25.342834511156127,-4.176059218672145,-4.176059218672145,0.0,0.0,0.0,-2.042637963436235,0.0,0.0,-2.042637963436235,0.0,0.0,0.0,0.0,0.0,0.0,0.0,0.0,0.0,-32.68698043672262,0.36624124948431436,0.0,0.0,0.0,0.0,-32.68698043672262,0.36624124948431436,0.0,32.68903214724338,,,,,,,,,,,,,,,,,,,
station_combined,baseline,55,combined,16.002336694915254,0.9322033898305083,,,25.342834511156127,-4.176059218672145,-4.176059218672145,,,,,,,,,,,,,,,,,64.21630740256565,-0.013445954056780951,0.0,0.0,0.0,0.0,64.21630740256565,-0.013445954056780951,0.0,64.21630881025854,193.21065273279459,-944.6552835570337,1422.323995183382,1718.3449910760264,,,,,,,,,,,,,,,
beam_node,baseline,56,main,16.29328827118644,0.9491525423728813,0.17303448273933933,0.9775191500061627,0.0,0.0,0.0,0.0,0.0,-1.3179665346345528,0.0,0.0,0.0,-1.3179665346345528,0.0,0.0,0.0,0.0,0.0,0.0,0.0,0.0,0.0,-21.4740086805774,-0.18604256295101518,0.0,0.0,0.0,-0.0,-21.4740086805774,-0.18604256295101518,0.0,21.47481456610843,,,,,,,,,,,,,,,,,,,
beam_node,baseline,56,rear,16.29328827118644,0.9491525423728813,0.4844965516701501,0.9711226700533805,0.0,0.0,0.0,0.0,0.0,0.0,-2.042637963436241,0.0,0.0,-2.042637963436241,0.0,0.0,0.0,0.0,0.0,0.0,0.0,0.0,0.0,-33.28128917193587,0.347867940266672,0.0,0.0,0.0,0.0,-33.28128917193587,0.347867940266672,0.0,33.28310714236098,,,,,,,,,,,,,,,,,,,
station_combined,baseline,56,combined,16.29328827118644,0.9491525423728813,,,0.0,0.0,0.0,,,,,,,,,,,,,,,,,-54.755297852513266,0.16182537731565683,0.0,0.0,0.0,0.0,-54.755297852513266,0.16182537731565683,0.0,54.75553698367122,138.45535488028133,-944.4934581797181,1422.323995183382,1712.9633169200456,,,,,,,,,,,,,,,
beam_node,baseline,57,main,16.584239847457628,0.9661016949152542,0.16913091235168642,1.0066217356936658,0.0,0.0,0.0,0.0,0.0,-1.3179665346345528,0.0,0.0,0.0,-1.3179665346345528,0.0,0.0,0.0,0.0,0.0,0.0,0.0,0.0,0.0,-21.857473121301993,-0.19118733808753213,0.0,0.0,0.0,-0.0,-21.857473121301993,-0.19118733808753213,0.0,21.858309263222626,,,,,,,,,,,,,,,,,,,
beam_node,baseline,57,rear,16.584239847457628,0.9661016949152542,0.47356655458472197,1.000344399644165,0.0,0.0,0.0,0.0,0.0,0.0,-2.042637963436241,0.0,0.0,-2.042637963436241,0.0,0.0,0.0,0.0,0.0,0.0,0.0,0.0,0.0,-33.87559790714901,0.32554191327972903,0.0,0.0,0.0,0.0,-33.87559790714901,0.32554191327972903,0.0,33.87716208752056,,,,,,,,,,,,,,,,,,,
station_combined,baseline,57,combined,16.584239847457628,0.9661016949152542,,,0.0,0.0,0.0,,,,,,,,,,,,,,,,,-55.733071028451,0.1343545751921969,0.0,0.0,0.0,0.0,-55.733071028451,0.1343545751921969,0.0,55.73323297112989,82.72228385183033,-944.3591036045259,1422.323995183382,1709.2871730873148,,,,,,,,,,,,,,,
beam_node,baseline,58,main,16.875191423728815,0.983050847457627,0.16519096742584322,1.0358033556587016,0.0,0.0,0.0,0.0,0.0,-1.3179665346345528,0.0,0.0,0.0,-1.3179665346345528,0.0,0.0,0.0,0.0,0.0,0.0,0.0,0.0,0.0,-22.24093756202659,-0.1963800536480967,0.0,0.0,0.0,-0.0,-22.24093756202659,-0.1963800536480967,0.0,22.24180453028567,,,,,,,,,,,,,,,,,,,
beam_node,baseline,58,rear,16.875191423728815,0.983050847457627,0.46253470879236097,1.0296581722921112,0.0,0.0,0.0,0.0,0.0,0.0,-2.042637963436241,0.0,0.0,-2.042637963436241,0.0,0.0,0.0,0.0,0.0,0.0,0.0,0.0,0.0,-34.46990664236215,0.3030078462574781,0.0,0.0,0.0,0.0,-34.46990664236215,0.3030078462574781,0.0,34.471238412451264,,,,,,,,,,,,,,,,,,,
station_combined,baseline,58,combined,16.875191423728815,0.983050847457627,,,0.0,0.0,0.0,,,,,,,,,,,,,,,,,-56.710844204388735,0.10662779260938143,0.0,0.0,0.0,0.0,-56.710844204388735,0.10662779260938143,0.0,56.71094444514752,26.01143964744159,-944.2524758119165,1422.323995183382,1707.423462514172,,,,,,,,,,,,,,,
beam_node,baseline,59,main,17.166143,1.0,0.1612510225,1.0650033980757752,0.0,0.0,0.0,0.0,0.0,-0.6589832673172764,0.0,0.0,0.0,-0.6589832673172764,0.0,0.0,0.0,0.0,0.0,0.0,0.0,0.0,0.0,-11.312201001375595,-0.10078638460433063,0.0,0.0,0.0,-0.0,-11.312201001375595,-0.10078638460433063,0.0,11.3126499720819,,,,,,,,,,,,,,,,,,,
beam_node,baseline,59,rear,17.166143,1.0,0.451502863,1.0589910346121918,0.0,0.0,0.0,0.0,0.0,0.0,-1.0213189817181205,0.0,0.0,-1.0213189817181205,0.0,0.0,0.0,0.0,0.0,0.0,0.0,0.0,0.0,-17.532107688787644,0.1402368896176136,0.0,0.0,0.0,0.0,-17.532107688787644,0.1402368896176136,0.0,17.53266854749888,,,,,,,,,,,,,,,,,,,
station_combined,baseline,59,combined,17.166143,1.0,,,0.0,0.0,0.0,,,,,,,,,,,,,,,,,-28.84430869016324,0.03945050501328297,0.0,0.0,0.0,0.0,-28.84430869016324,0.03945050501328297,0.0,28.844335668476962,-2.832869042721647,-944.2130253069032,1422.323995183382,1707.205848625363,,,,,,,,,,,,,,,
source_summary,baseline,,,,,,,,,,,,,,,,,,,,104.96504041348095,-1081.0850222927897,18.778255904362123,,,,,,,,,,,,,,,,,,root_main,1086.3310305931684,-105.29672361299377,-220.54446911620596,-0.0,244.39161782143904,,,,,,,,,
source_summary,baseline,,,,,,,,,,,,,,,,,,,,-105.04130251296164,3732.4581394393913,-56.84184858630817,,,,,,,,,,,,,,,,,,root_rear,3734.368545504272,-84.1355614001221,24.172981337165083,2110.8838372171394,2112.698203706198,,,,,,,,,
source_summary,baseline,,,,,,,,,,,,,,,,,,,,0.07626209971833592,-2651.3731171558293,-708.5209019510481,,,,,,,,,,,,,,,,,,wire,2744.4090949955066,-4686.590028677463,-42.69765592789597,159.27548162084216,4689.490149874111,,,,,,,,,
source_summary,baseline,,,,,,,,,,,,,,,,,,,,0.0,0.0,0.0,,,,,,,,,,,,,,,,,,links_total,0.0,-69.6438087692818,-251.30841710368543,-847.8353236546009,887.0349015926905,,,,,,,,,
total,baseline,,all,,,,,,,,,,,,,,,,,,,,,,,,,,,,,,,,,,,,,,,,,,,,"[0.0,0.0,746.584495]","[4942.833253,-453.835464,0.0]","[0.0,-0.0,-746.584495]","[-4945.666122,-490.377561,1422.323995]","[0.0,-0.0,-0.0]","[-2.832869,-944.213025,1422.323995]",1.1710655327373439e-08,1707.2058486253609,1e-06
