zone,generation_index,evaluated_candidate_count,best_score,best_score_airfoil_id,median_score,best_mean_cd,best_mean_cd_airfoil_id,best_cd_p90,best_cd_p90_airfoil_id,best_stall_margin_cl,best_stall_margin_airfoil_id,best_roughness_sensitivity,best_roughness_airfoil_id,mission_grade_count,mission_grade_fraction,pareto_front_size,unique_geometry_count,duplicate_rate,top16_id_overlap_with_previous_generation,top16_geometry_overlap_with_previous_generation,best_score_delta_from_previous_generation,best_score_delta_vs_generation0,best_candidate_changed_from_previous_generation,late_generation_window,late_best_candidate_changed,late_best_score_slope_per_generation,late_median_score_slope_per_generation,global_zone_pareto_front_size,zone_classification,nsga_v2_need,immediate_recommendation
root,0,128,0.0409152505,cst_root_seedless_sobol_0404_5d5c31fd,0.176674619,0.0231913114,cst_root_seedless_sobol_0164_6cb797d6,0.0301531582,cst_root_seedless_sobol_0698_89d1ede7,0.0571017959,cst_root_seedless_sobol_0404_5d5c31fd,0,cst_root_seedless_sobol_0623_3fda12ee,2,0.015625,1,128,0,,,,1.95079439e-11,,g5-g7,true,-0.000855704071,-0.0042132436,106,feasibility-saturated but performance still improving,needs NSGA v2 later,build full-alpha database first
root,1,128,0.0466607938,cst_root_nsga2_g01_child_0034_f2e46ead,0.196067465,0.0211755941,cst_root_nsga2_g01_child_0070_0a6493bd,0.0275341072,cst_root_nsga2_g01_child_0070_0a6493bd,0.0582792141,cst_root_nsga2_g01_child_0034_f2e46ead,0,cst_root_nsga2_g01_child_0074_de6d348f,2,0.015625,2,128,0,0,0,0.00574554335,0.00574554332,true,g5-g7,true,-0.000855704071,-0.0042132436,106,feasibility-saturated but performance still improving,needs NSGA v2 later,build full-alpha database first
root,2,128,0.0307261879,cst_root_nsga2_g02_child_0124_2ae90580,0.170468713,0.0218664184,cst_root_nsga2_g02_child_0119_e7707f7e,0.0272021996,cst_root_nsga2_g02_child_0093_c8a6ad34,0.061352884,cst_root_nsga2_g02_child_0097_14711946,0,cst_root_nsga2_g02_child_0091_8b2253d6,9,0.0703125,7,128,0,0,0,-0.015934606,-0.0101890626,true,g5-g7,true,-0.000855704071,-0.0042132436,106,feasibility-saturated but performance still improving,needs NSGA v2 later,build full-alpha database first
root,3,128,0.0307004018,cst_root_nsga2_g03_child_0069_0277894f,0.12421408,0.0212962427,cst_root_nsga2_g03_child_0060_95358e41,0.0271537696,cst_root_nsga2_g03_child_0060_95358e41,0.061877006,cst_root_nsga2_g03_child_0004_80b00acd,0,cst_root_nsga2_g03_child_0085_003d04d5,41,0.3203125,13,128,0,0,0,-2.57860821e-05,-0.0102148487,true,g5-g7,true,-0.000855704071,-0.0042132436,106,feasibility-saturated but performance still improving,needs NSGA v2 later,build full-alpha database first
root,4,128,0.0296430717,cst_root_nsga2_g04_child_0008_d8bd0d80,0.0725173839,0.0214316022,cst_root_nsga2_g04_child_0127_51f7f279,0.0248003974,cst_root_nsga2_g04_child_0127_51f7f279,0.0699718015,cst_root_nsga2_g04_child_0029_460464d2,0,cst_root_nsga2_g04_child_0011_d9fd29c9,81,0.6328125,23,128,0,0,0,-0.00105733008,-0.0112721788,true,g5-g7,true,-0.000855704071,-0.0042132436,106,feasibility-saturated but performance still improving,needs NSGA v2 later,build full-alpha database first
root,5,128,0.0296340685,cst_root_nsga2_g05_child_0042_253b24ef,0.0429116779,0.0218015315,cst_root_nsga2_g05_child_0072_40882261,0.0289810399,cst_root_nsga2_g05_child_0018_b8ebbdaf,0.063490979,cst_root_nsga2_g05_child_0058_b43243ac,0.00100668161,cst_root_nsga2_g05_child_0007_c57249c8,95,0.7421875,33,128,0,0,0,-9.00323142e-06,-0.011281182,true,g5-g7,true,-0.000855704071,-0.0042132436,106,feasibility-saturated but performance still improving,needs NSGA v2 later,build full-alpha database first
root,6,128,0.0281400518,cst_root_nsga2_g06_child_0037_2ed236ac,0.037145728,0.0213611288,cst_root_nsga2_g06_child_0036_a17c32c5,0.0292272408,cst_root_nsga2_g06_child_0033_c45a39d2,0.0680865311,cst_root_nsga2_g06_child_0093_102143e2,0,cst_root_nsga2_g06_child_0054_b0749fb1,115,0.8984375,46,128,0,0,0,-0.00149401669,-0.0127751987,true,g5-g7,true,-0.000855704071,-0.0042132436,106,feasibility-saturated but performance still improving,needs NSGA v2 later,build full-alpha database first
root,7,128,0.0279226603,cst_root_nsga2_g07_child_0117_6874eb7b,0.0344851906,0.0212294298,cst_root_nsga2_g07_child_0113_af0c4fa1,0.0279742949,cst_root_nsga2_g07_child_0058_7b5c9763,0.0645419048,cst_root_nsga2_g07_child_0066_306f22f4,0.00189741296,cst_root_nsga2_g07_child_0077_4c03df9b,116,0.90625,50,128,0,0,0,-0.000217391455,-0.0129925902,true,g5-g7,true,-0.000855704071,-0.0042132436,106,feasibility-saturated but performance still improving,needs NSGA v2 later,build full-alpha database first
mid1,0,128,0.0838254593,cst_mid1_seedless_sobol_0022_74bfd709,0.169790777,0.0211498948,cst_mid1_seedless_sobol_0300_8060966a,0.0249804228,cst_mid1_seedless_sobol_0300_8060966a,0.00692130767,cst_mid1_seedless_sobol_0130_45113a1c,0,cst_mid1_seedless_sobol_0130_45113a1c,0,0,1,128,0,,,,-1.68450809e-11,,g5-g7,true,-0.000143451266,-0.0174805684,43,still improving,needs NSGA v2 later,build full-alpha database first
mid1,1,128,0.0801419997,cst_mid1_nsga2_g01_child_0041_e7f365e2,0.185136596,0.0222139459,cst_mid1_nsga2_g01_child_0080_a8cf1245,0.0295814073,cst_mid1_nsga2_g01_child_0094_63335d28,0.0474811797,cst_mid1_nsga2_g01_child_0041_e7f365e2,0,cst_mid1_nsga2_g01_child_0042_e85dc863,2,0.015625,2,128,0,0,0,-0.00368345965,-0.00368345962,true,g5-g7,true,-0.000143451266,-0.0174805684,43,still improving,needs NSGA v2 later,build full-alpha database first
mid1,2,128,0.0433697084,cst_mid1_nsga2_g02_child_0066_212eb1fb,0.156813186,0.0233478571,cst_mid1_nsga2_g02_child_0112_e5262da9,0.0340799697,cst_mid1_nsga2_g02_child_0112_e5262da9,0.0530431851,cst_mid1_nsga2_g02_child_0120_8defbc05,0,cst_mid1_nsga2_g02_child_0083_131cce26,7,0.0546875,6,128,0,0,0,-0.0367722912,-0.0404557509,true,g5-g7,true,-0.000143451266,-0.0174805684,43,still improving,needs NSGA v2 later,build full-alpha database first
mid1,3,128,0.0383478642,cst_mid1_nsga2_g03_child_0037_b32ac4a6,0.137591308,0.021698484,cst_mid1_nsga2_g03_child_0051_5ae978a2,0.0291086215,cst_mid1_nsga2_g03_child_0051_5ae978a2,0.0558266732,cst_mid1_nsga2_g03_child_0011_1f5de29c,0,cst_mid1_nsga2_g03_child_0009_a9a79e27,16,0.125,12,128,0,0,0,-0.00502184427,-0.0454775951,true,g5-g7,true,-0.000143451266,-0.0174805684,43,still improving,needs NSGA v2 later,build full-alpha database first
mid1,4,128,0.03222969,cst_mid1_nsga2_g04_child_0047_88db17d6,0.116007428,0.0220696014,cst_mid1_nsga2_g04_child_0047_88db17d6,0.0312603916,cst_mid1_nsga2_g04_child_0006_894a6970,0.0550819912,cst_mid1_nsga2_g04_child_0035_06a2bcbd,0,cst_mid1_nsga2_g04_child_0099_a9b6ba03,48,0.375,15,128,0,0,0,-0.00611817422,-0.0515957693,true,g5-g7,true,-0.000143451266,-0.0174805684,43,still improving,needs NSGA v2 later,build full-alpha database first
mid1,5,128,0.0289779667,cst_mid1_nsga2_g05_child_0068_b9794b28,0.0887748837,0.0219030021,cst_mid1_nsga2_g05_child_0121_285d970e,0.0288789329,cst_mid1_nsga2_g05_child_0025_4b136a98,0.0543151497,cst_mid1_nsga2_g05_child_0081_2ca13641,0,cst_mid1_nsga2_g05_child_0022_d97b21ca,73,0.5703125,17,128,0,0,0,-0.00325172327,-0.0548474926,true,g5-g7,true,-0.000143451266,-0.0174805684,43,still improving,needs NSGA v2 later,build full-alpha database first
mid1,6,128,0.028254566,cst_mid1_nsga2_g06_child_0046_9ca15362,0.0777537978,0.0212842939,cst_mid1_nsga2_g06_child_0017_0655d768,0.0274964128,cst_mid1_nsga2_g06_child_0046_9ca15362,0.0579284606,cst_mid1_nsga2_g06_child_0062_69ea116c,0,cst_mid1_nsga2_g06_child_0106_9eea9d91,81,0.6328125,21,128,0,0,0,-0.000723400688,-0.0555708933,true,g5-g7,true,-0.000143451266,-0.0174805684,43,still improving,needs NSGA v2 later,build full-alpha database first
mid1,7,128,0.0286910641,cst_mid1_nsga2_g07_child_0120_6ba170d3,0.053813747,0.0223147923,cst_mid1_nsga2_g07_child_0080_a701293f,0.0286177908,cst_mid1_nsga2_g07_child_0117_115f3769,0.0546184518,cst_mid1_nsga2_g07_child_0009_d9a17ec8,0,cst_mid1_nsga2_g07_child_0062_273b8efc,90,0.703125,33,128,0,0,0,0.000436498156,-0.0551343952,true,g5-g7,true,-0.000143451266,-0.0174805684,43,still improving,needs NSGA v2 later,build full-alpha database first
mid2,0,128,0.0150212415,cst_mid2_seedless_sobol_0619_a07c5c7e,0.0170085657,0.0106224201,cst_mid2_seedless_sobol_0619_a07c5c7e,0.0154650663,cst_mid2_seedless_sobol_0563_1fdc9fb2,0.206546524,cst_mid2_seedless_sobol_0521_5100b41d,0,cst_mid2_seedless_sobol_0111_02fe05d6,128,1,53,128,0,,,,4.57495205e-11,,g5-g7,true,-0.000213266342,0.00034416742,209,feasibility-saturated and near performance-converged,does not need immediate deeper search,build full-alpha database first
mid2,1,128,0.0127351244,cst_mid2_nsga2_g01_child_0099_b514fce3,0.0164025643,0.0106441149,cst_mid2_nsga2_g01_child_0104_3c8ca9e6,0.0154408959,cst_mid2_nsga2_g01_child_0104_3c8ca9e6,0.207296653,cst_mid2_nsga2_g01_child_0081_6df5bc45,0,cst_mid2_nsga2_g01_child_0080_4e372e5e,128,1,47,128,0,0,0,-0.00228611709,-0.00228611705,true,g5-g7,true,-0.000213266342,0.00034416742,209,feasibility-saturated and near performance-converged,does not need immediate deeper search,build full-alpha database first
mid2,2,128,0.0142194819,cst_mid2_nsga2_g02_child_0088_bb4cea08,0.0162372155,0.0110006118,cst_mid2_nsga2_g02_child_0088_bb4cea08,0.0155365981,cst_mid2_nsga2_g02_child_0001_a2035687,0.20854492,cst_mid2_nsga2_g02_child_0032_5fc27302,0,cst_mid2_nsga2_g02_child_0020_01adec84,128,1,74,128,0,0,0,0.00148435753,-0.000801759554,true,g5-g7,true,-0.000213266342,0.00034416742,209,feasibility-saturated and near performance-converged,does not need immediate deeper search,build full-alpha database first
mid2,3,128,0.0139251626,cst_mid2_nsga2_g03_child_0112_0aa027fa,0.0165192807,0.0112670436,cst_mid2_nsga2_g03_child_0112_0aa027fa,0.0155216579,cst_mid2_nsga2_g03_child_0037_bcb54a2c,0.207138775,cst_mid2_nsga2_g03_child_0099_c6be0181,0,cst_mid2_nsga2_g03_child_0107_8f3720a7,128,1,58,128,0,0,0,-0.000294319245,-0.00109607885,true,g5-g7,true,-0.000213266342,0.00034416742,209,feasibility-saturated and near performance-converged,does not need immediate deeper search,build full-alpha database first
mid2,4,128,0.0133830052,cst_mid2_nsga2_g04_child_0012_72b8e600,0.0163957177,0.0113453092,cst_mid2_nsga2_g04_child_0012_72b8e600,0.0152579176,cst_mid2_nsga2_g04_child_0012_72b8e600,0.208713657,cst_mid2_nsga2_g04_child_0110_d9b6d661,0,cst_mid2_nsga2_g04_child_0107_b1d0d27a,128,1,85,128,0,0,0,-0.000542157444,-0.00163823625,true,g5-g7,true,-0.000213266342,0.00034416742,209,feasibility-saturated and near performance-converged,does not need immediate deeper search,build full-alpha database first
mid2,5,128,0.0150216102,cst_mid2_nsga2_g05_child_0125_08c4ee49,0.0167316735,0.0117792202,cst_mid2_nsga2_g05_child_0097_4dd48004,0.0156613207,cst_mid2_nsga2_g05_child_0096_c036b3df,0.206915546,cst_mid2_nsga2_g05_child_0018_655b24ca,0,cst_mid2_nsga2_g05_child_0069_e42c9069,128,1,57,128,0,0,0,0.00163860498,3.6874575e-07,true,g5-g7,true,-0.000213266342,0.00034416742,209,feasibility-saturated and near performance-converged,does not need immediate deeper search,build full-alpha database first
mid2,6,128,0.0142976724,cst_mid2_nsga2_g06_child_0115_eaea30b5,0.0165155045,0.0107629012,cst_mid2_nsga2_g06_child_0103_62f36e7a,0.0156846818,cst_mid2_nsga2_g06_child_0068_b8c21ad3,0.208842838,cst_mid2_nsga2_g06_child_0053_f215ca0a,0,cst_mid2_nsga2_g06_child_0021_0f0688dd,128,1,64,128,0,0,0,-0.000723937825,-0.000723569054,true,g5-g7,true,-0.000213266342,0.00034416742,209,feasibility-saturated and near performance-converged,does not need immediate deeper search,build full-alpha database first
mid2,7,128,0.0145950775,cst_mid2_nsga2_g07_child_0018_8980e10b,0.0174200083,0.010814578,cst_mid2_nsga2_g07_child_0016_480543e3,0.0154207995,cst_mid2_nsga2_g07_child_0016_480543e3,0.209541203,cst_mid2_nsga2_g07_child_0020_0109d7d8,0,cst_mid2_nsga2_g07_child_0126_d0254e85,128,1,72,128,0,0,0,0.000297405142,-0.000426163954,true,g5-g7,true,-0.000213266342,0.00034416742,209,feasibility-saturated and near performance-converged,does not need immediate deeper search,build full-alpha database first
tip,0,128,0.0145714926,cst_tip_seedless_sobol_0482_985fe9e2,0.0170066762,0.0120393329,cst_tip_seedless_sobol_0482_985fe9e2,0.0157214479,cst_tip_seedless_sobol_0514_2b0a8f30,0.421180327,cst_tip_seedless_sobol_0310_9baeb028,0,cst_tip_seedless_sobol_0351_1048f012,128,1,39,128,0,,,,1.46130278e-11,,g5-g7,true,0.000100163748,3.68254806e-05,216,under-explored at full-alpha quality despite screening feasibility saturation,needs NSGA v2 only after full-alpha evidence,build full-alpha database first
tip,1,128,0.0145662847,cst_tip_nsga2_g01_child_0007_061d983a,0.0165915296,0.010867621,cst_tip_nsga2_g01_child_0035_6e1237c7,0.0155037956,cst_tip_nsga2_g01_child_0101_86c8d44a,0.42260212,cst_tip_nsga2_g01_child_0084_daf25606,0,cst_tip_nsga2_g01_child_0077_aea470f9,128,1,62,128,0,0,0,-5.2079064e-06,-5.20788539e-06,true,g5-g7,true,0.000100163748,3.68254806e-05,216,under-explored at full-alpha quality despite screening feasibility saturation,needs NSGA v2 only after full-alpha evidence,build full-alpha database first
tip,2,128,0.0137004079,cst_tip_nsga2_g02_child_0042_33a2c324,0.0160328698,0.0105648123,cst_tip_nsga2_g02_child_0043_cbd383c7,0.0154972186,cst_tip_nsga2_g02_child_0078_07457e10,0.423426029,cst_tip_nsga2_g02_child_0002_34a39219,0,cst_tip_nsga2_g02_child_0052_7f46f4f8,128,1,55,128,0,0,0,-0.000865876817,-0.000871084685,true,g5-g7,true,0.000100163748,3.68254806e-05,216,under-explored at full-alpha quality despite screening feasibility saturation,needs NSGA v2 only after full-alpha evidence,build full-alpha database first
tip,3,128,0.0137775038,cst_tip_nsga2_g03_child_0086_869a11f9,0.0162019878,0.0107189441,cst_tip_nsga2_g03_child_0086_869a11f9,0.0154813815,cst_tip_nsga2_g03_child_0048_25c89327,0.422655456,cst_tip_nsga2_g03_child_0085_767ca2ec,0,cst_tip_nsga2_g03_child_0058_206378e0,128,1,70,128,0,0,0,7.70959027e-05,-0.000793988785,true,g5-g7,true,0.000100163748,3.68254806e-05,216,under-explored at full-alpha quality despite screening feasibility saturation,needs NSGA v2 only after full-alpha evidence,build full-alpha database first
tip,4,128,0.0139292999,cst_tip_nsga2_g04_child_0012_90664fa2,0.016232034,0.0109233464,cst_tip_nsga2_g04_child_0081_dd55379b,0.0153244278,cst_tip_nsga2_g04_child_0096_6230567a,0.423545025,cst_tip_nsga2_g04_child_0079_d4657e8b,0,cst_tip_nsga2_g04_child_0118_28b025c3,128,1,54,128,0,0,0,0.000151796118,-0.000642192685,true,g5-g7,true,0.000100163748,3.68254806e-05,216,under-explored at full-alpha quality despite screening feasibility saturation,needs NSGA v2 only after full-alpha evidence,build full-alpha database first
tip,5,128,0.0143560612,cst_tip_nsga2_g05_child_0015_2813f3a4,0.0160937283,0.0114775405,cst_tip_nsga2_g05_child_0026_28eb9a70,0.0154727496,cst_tip_nsga2_g05_child_0101_2f9eb7c1,0.423637135,cst_tip_nsga2_g05_child_0042_0fdfc067,0,cst_tip_nsga2_g05_child_0034_1e8c71f7,128,1,70,128,0,0,0,0.000426761295,-0.000215431385,true,g5-g7,true,0.000100163748,3.68254806e-05,216,under-explored at full-alpha quality despite screening feasibility saturation,needs NSGA v2 only after full-alpha evidence,build full-alpha database first
tip,6,128,0.0135605197,cst_tip_nsga2_g06_child_0101_f4c46cf4,0.0161099786,0.0102939478,cst_tip_nsga2_g06_child_0101_f4c46cf4,0.015447035,cst_tip_nsga2_g06_child_0110_f2336acf,0.421898826,cst_tip_nsga2_g06_child_0064_0d75d38c,0,cst_tip_nsga2_g06_child_0044_c4671592,128,1,65,128,0,0,0,-0.000795541463,-0.00101097289,true,g5-g7,true,0.000100163748,3.68254806e-05,216,under-explored at full-alpha quality despite screening feasibility saturation,needs NSGA v2 only after full-alpha evidence,build full-alpha database first
tip,7,128,0.0145563887,cst_tip_nsga2_g07_child_0106_1ef5b689,0.0161673793,0.0111972699,cst_tip_nsga2_g07_child_0101_ab65c2bc,0.0154684676,cst_tip_nsga2_g07_child_0102_f33413bd,0.423344649,cst_tip_nsga2_g07_child_0016_1e747e7a,0,cst_tip_nsga2_g07_child_0095_54676284,128,1,73,128,0,0,0,0.000995868959,-1.51038854e-05,true,g5-g7,true,0.000100163748,3.68254806e-05,216,under-explored at full-alpha quality despite screening feasibility saturation,needs NSGA v2 only after full-alpha evidence,build full-alpha database first
