schema_version,case_label,eta,y_m,chord_m,local_cl,local_cd,cm_c4,lift_per_span_npm,drag_per_span_npm,aoa_deg,velocity_mps,dynamic_pressure_pa,density_kgpm3,dynamic_viscosity_pa_s,reynolds,diagnostic_section_cl_limit,stall_margin_cl,stall_utilization,stall_margin_basis,geometry_z_basis
loaded_shape_avl_recheck_mvp_v1,target_main_tip_z_4p250m,0.0,0.0,1.256773096,1.2548,0.01,-0.1581,40.529502037674895,0.32299571276438394,-0.363,6.6,25.700399999999995,1.18,1.7228000000000002e-05,568130.3036712329,1.2,-0.05479999999999996,1.0456666666666667,diagnostic_constant_section_cl_limit_not_gate,main_beam_loaded_shape_spar_data_root_offset_removed_as_avl_section_z_proxy
loaded_shape_avl_recheck_mvp_v1,target_main_tip_z_4p250m,0.0006582725076914481,0.0113,1.2564,1.2548,0.01,-0.1581,40.51747011628799,0.3228998255999999,-0.363,6.6,25.700399999999995,1.18,1.7228000000000002e-05,567961.6438356163,1.2,-0.05479999999999996,1.0456666666666667,diagnostic_constant_section_cl_limit_not_gate,main_beam_loaded_shape_spar_data_root_offset_removed_as_avl_section_z_proxy
loaded_shape_avl_recheck_mvp_v1,target_main_tip_z_4p250m,0.0059128017283789375,0.1015,1.2536,1.2402,0.0142,-0.1568,39.95679018988799,0.4574959044479999,-0.363,6.6,25.700399999999995,1.18,1.7228000000000002e-05,566695.8904109589,1.2,-0.040200000000000014,1.0335,diagnostic_constant_section_cl_limit_not_gate,main_beam_loaded_shape_spar_data_root_offset_removed_as_avl_section_z_proxy
loaded_shape_avl_recheck_mvp_v1,target_main_tip_z_4p250m,0.016369431385955483,0.281,1.2481,1.2414,0.0145,-0.1575,39.819977194535994,0.46511170397999996,-0.363,6.6,25.700399999999995,1.18,1.7228000000000002e-05,564209.5890410958,1.2,-0.0414000000000001,1.0345000000000002,diagnostic_constant_section_cl_limit_not_gate,main_beam_loaded_shape_spar_data_root_offset_removed_as_avl_section_z_proxy
loaded_shape_avl_recheck_mvp_v1,target_main_tip_z_4p250m,0.03193495475366831,0.5482,1.2398,1.2444,0.0147,-0.1579,39.65076010684799,0.4683913320239999,-0.363,6.6,25.700399999999995,1.18,1.7228000000000002e-05,560457.5342465752,1.2,-0.044399999999999995,1.037,diagnostic_constant_section_cl_limit_not_gate,main_beam_loaded_shape_spar_data_root_offset_removed_as_avl_section_z_proxy
loaded_shape_avl_recheck_mvp_v1,target_main_tip_z_4p250m,0.052446260059700066,0.9003,1.2288,1.2491,0.0147,-0.1581,39.44739181363199,0.46423557734399984,-0.363,6.6,25.700399999999995,1.18,1.7228000000000002e-05,555484.9315068492,1.2,-0.049100000000000144,1.0409166666666667,diagnostic_constant_section_cl_limit_not_gate,main_beam_loaded_shape_spar_data_root_offset_removed_as_avl_section_z_proxy
loaded_shape_avl_recheck_mvp_v1,target_main_tip_z_4p250m,0.07771693385054522,1.3341,1.2154,1.2555,0.0146,-0.1581,39.217132163879995,0.4560494859359999,-0.363,6.6,25.700399999999995,1.18,1.7228000000000002e-05,549427.3972602739,1.2,-0.055500000000000105,1.0462500000000001,diagnostic_constant_section_cl_limit_not_gate,main_beam_loaded_shape_spar_data_root_offset_removed_as_avl_section_z_proxy
loaded_shape_avl_recheck_mvp_v1,target_main_tip_z_4p250m,0.10750230846847773,1.8454,1.1995,1.2636,0.0146,-0.1582,38.95379301527999,0.4500833950799999,-0.363,6.6,25.700399999999995,1.18,1.7228000000000002e-05,542239.7260273971,1.2,-0.0636000000000001,1.0530000000000002,diagnostic_constant_section_cl_limit_not_gate,main_beam_loaded_shape_spar_data_root_offset_removed_as_avl_section_z_proxy
loaded_shape_avl_recheck_mvp_v1,target_main_tip_z_4p250m,0.1415111128923952,2.4292,1.1814,1.2737,0.0147,-0.1584,38.672655825671995,0.44632805263199987,-0.363,6.6,25.700399999999995,1.18,1.7228000000000002e-05,534057.5342465753,1.2,-0.0737000000000001,1.0614166666666667,diagnostic_constant_section_cl_limit_not_gate,main_beam_loaded_shape_spar_data_root_offset_removed_as_avl_section_z_proxy
loaded_shape_avl_recheck_mvp_v1,target_main_tip_z_4p250m,0.17620149150569234,3.0247,1.1627,1.2805,0.0146,-0.1584,38.26371542993999,0.4362750841679999,-0.363,6.6,25.700399999999995,1.18,1.7228000000000002e-05,525604.109589041,1.2,-0.08050000000000002,1.0670833333333334,diagnostic_constant_section_cl_limit_not_gate,main_beam_loaded_shape_spar_data_root_offset_removed_as_avl_section_z_proxy
loaded_shape_avl_recheck_mvp_v1,target_main_tip_z_4p250m,0.21078118713097052,3.6183,1.1437,1.283,0.0141,-0.1583,37.711921416839985,0.4144490194679999,-0.363,6.6,25.700399999999995,1.18,1.7228000000000002e-05,517015.0684931505,1.2,-0.08299999999999996,1.0691666666666666,diagnostic_constant_section_cl_limit_not_gate,main_beam_loaded_shape_spar_data_root_offset_removed_as_avl_section_z_proxy
loaded_shape_avl_recheck_mvp_v1,target_main_tip_z_4p250m,0.24797649652574838,4.2568,1.1233,1.2863,0.0138,-0.1583,37.13452826331599,0.3983957786159999,-0.363,6.6,25.700399999999995,1.18,1.7228000000000002e-05,507793.15068493143,1.2,-0.08630000000000004,1.0719166666666666,diagnostic_constant_section_cl_limit_not_gate,main_beam_loaded_shape_spar_data_root_offset_removed_as_avl_section_z_proxy
loaded_shape_avl_recheck_mvp_v1,target_main_tip_z_4p250m,0.2874262436238589,4.934,1.1017,1.2898,0.0138,-0.1584,36.51956575106399,0.39073500338399986,-0.363,6.6,25.700399999999995,1.18,1.7228000000000002e-05,498028.7671232876,1.2,-0.0898000000000001,1.0748333333333335,diagnostic_constant_section_cl_limit_not_gate,main_beam_loaded_shape_spar_data_root_offset_removed_as_avl_section_z_proxy
loaded_shape_avl_recheck_mvp_v1,target_main_tip_z_4p250m,0.328757601518291,5.6435,1.079,1.2938,0.0141,-0.1586,35.878020544079995,0.3910033155599999,-0.363,6.6,25.700399999999995,1.18,1.7228000000000002e-05,487767.1232876711,1.2,-0.0938000000000001,1.0781666666666667,diagnostic_constant_section_cl_limit_not_gate,main_beam_loaded_shape_spar_data_root_offset_removed_as_avl_section_z_proxy
loaded_shape_avl_recheck_mvp_v1,target_main_tip_z_4p250m,0.37770278390434003,6.4837,1.0515,1.2908,0.0136,-0.1585,34.882541250479996,0.36752600016,-0.363,6.6,25.700399999999995,1.18,1.7228000000000002e-05,475335.61643835617,1.2,-0.09079999999999999,1.0756666666666668,diagnostic_constant_section_cl_limit_not_gate,main_beam_loaded_shape_spar_data_root_offset_removed_as_avl_section_z_proxy
loaded_shape_avl_recheck_mvp_v1,target_main_tip_z_4p250m,0.43406955190807855,7.4513,1.0194,1.2795,0.0125,-0.1583,33.52160483892,0.327487347,-0.363,6.6,25.700399999999995,1.18,1.7228000000000002e-05,460824.65753424657,1.2,-0.07950000000000013,1.0662500000000001,diagnostic_constant_section_cl_limit_not_gate,main_beam_loaded_shape_spar_data_root_offset_removed_as_avl_section_z_proxy
loaded_shape_avl_recheck_mvp_v1,target_main_tip_z_4p250m,0.4912635296117479,8.4331,0.9868,1.2687,0.0121,-0.1586,32.17569699326399,0.3068699721119999,-0.363,6.6,25.700399999999995,1.18,1.7228000000000002e-05,446087.6712328766,1.2,-0.06869999999999998,1.05725,diagnostic_constant_section_cl_limit_not_gate,main_beam_loaded_shape_spar_data_root_offset_removed_as_avl_section_z_proxy
loaded_shape_avl_recheck_mvp_v1,target_main_tip_z_4p250m,0.5430806442658668,9.3226,0.9565,1.2516,0.0118,-0.1585,30.767372642159998,0.29007270467999996,-0.363,6.6,25.700399999999995,1.18,1.7228000000000002e-05,432390.4109589041,1.2,-0.05160000000000009,1.0430000000000001,diagnostic_constant_section_cl_limit_not_gate,main_beam_loaded_shape_spar_data_root_offset_removed_as_avl_section_z_proxy
loaded_shape_avl_recheck_mvp_v1,target_main_tip_z_4p250m,0.5890140842937169,10.1111,0.9289,1.2251,0.0112,-0.1579,29.246936721155997,0.2673787374719999,-0.363,6.6,25.700399999999995,1.18,1.7228000000000002e-05,419913.69863013685,1.2,-0.025100000000000122,1.0209166666666667,diagnostic_constant_section_cl_limit_not_gate,main_beam_loaded_shape_spar_data_root_offset_removed_as_avl_section_z_proxy
loaded_shape_avl_recheck_mvp_v1,target_main_tip_z_4p250m,0.6342892518138756,10.8883,0.9017,1.1977,0.0113,-0.1575,27.75556049943599,0.2618667726839999,-0.363,6.6,25.700399999999995,1.18,1.7228000000000002e-05,407617.808219178,1.2,0.0022999999999999687,0.9980833333333333,diagnostic_constant_section_cl_limit_not_gate,main_beam_loaded_shape_spar_data_root_offset_removed_as_avl_section_z_proxy
loaded_shape_avl_recheck_mvp_v1,target_main_tip_z_4p250m,0.6784575894538452,11.6465,0.8751,1.1658,0.0121,-0.157,26.219331682631996,0.27213408248399995,-0.363,6.6,25.700399999999995,1.18,1.7228000000000002e-05,395593.15068493143,1.2,0.03420000000000001,0.9715,diagnostic_constant_section_cl_limit_not_gate,main_beam_loaded_shape_spar_data_root_offset_removed_as_avl_section_z_proxy
loaded_shape_avl_recheck_mvp_v1,target_main_tip_z_4p250m,0.7213909379643405,12.3835,0.8484,1.1063,0.01,-0.1501,24.122007877968,0.2180421936,-0.363,6.6,25.700399999999995,1.18,1.7228000000000002e-05,383523.2876712328,1.2,0.0936999999999999,0.9219166666666667,diagnostic_constant_section_cl_limit_not_gate,main_beam_loaded_shape_spar_data_root_offset_removed_as_avl_section_z_proxy
loaded_shape_avl_recheck_mvp_v1,target_main_tip_z_4p250m,0.762652390813708,13.0918,0.8218,1.0184,0.0051,-0.1364,21.509207552447993,0.10771500247199997,-0.363,6.6,25.700399999999995,1.18,1.7228000000000002e-05,371498.63013698626,1.2,0.18159999999999998,0.8486666666666667,diagnostic_constant_section_cl_limit_not_gate,main_beam_loaded_shape_spar_data_root_offset_removed_as_avl_section_z_proxy
loaded_shape_avl_recheck_mvp_v1,target_main_tip_z_4p250m,0.801554548392146,13.7596,0.7968,0.9323,0.0014,-0.123,19.091712790655997,0.028669310207999992,-0.363,6.6,25.700399999999995,1.18,1.7228000000000002e-05,360197.26027397247,1.2,0.26769999999999994,0.7769166666666667,diagnostic_constant_section_cl_limit_not_gate,main_beam_loaded_shape_spar_data_root_offset_removed_as_avl_section_z_proxy
loaded_shape_avl_recheck_mvp_v1,target_main_tip_z_4p250m,0.8414470274423321,14.4444,0.7701,0.8664,0.0012,-0.1155,17.147683133855995,0.023750253647999993,-0.363,6.6,25.700399999999995,1.18,1.7228000000000002e-05,348127.39726027386,1.2,0.3336,0.722,diagnostic_constant_section_cl_limit_not_gate,main_beam_loaded_shape_spar_data_root_offset_removed_as_avl_section_z_proxy
loaded_shape_avl_recheck_mvp_v1,target_main_tip_z_4p250m,0.8814967928439137,15.1319,0.7422,0.822,0.0037,-0.1144,15.679515915359996,0.07057689645599999,-0.363,6.6,25.700399999999995,1.18,1.7228000000000002e-05,335515.0684931506,1.2,0.378,0.6849999999999999,diagnostic_constant_section_cl_limit_not_gate,main_beam_loaded_shape_spar_data_root_offset_removed_as_avl_section_z_proxy
loaded_shape_avl_recheck_mvp_v1,target_main_tip_z_4p250m,0.9138628287088135,15.6875,0.7189,0.78,0.0063,-0.1134,14.411293696799996,0.11639891062799997,-0.363,6.6,25.700399999999995,1.18,1.7228000000000002e-05,324982.1917808218,1.2,0.41999999999999993,0.65,diagnostic_constant_section_cl_limit_not_gate,main_beam_loaded_shape_spar_data_root_offset_removed_as_avl_section_z_proxy
loaded_shape_avl_recheck_mvp_v1,target_main_tip_z_4p250m,0.9388946602623547,16.1172,0.6999,0.7323,0.0092,-0.1119,13.172400003707997,0.16548693163199996,-0.363,6.6,25.700399999999995,1.18,1.7228000000000002e-05,316393.15068493143,1.2,0.4677,0.61025,diagnostic_constant_section_cl_limit_not_gate,main_beam_loaded_shape_spar_data_root_offset_removed_as_avl_section_z_proxy
loaded_shape_avl_recheck_mvp_v1,target_main_tip_z_4p250m,0.9593418859437439,16.4682,0.6828,0.6723,0.0126,-0.1091,11.797677126575998,0.22110773731199995,-0.363,6.6,25.700399999999995,1.18,1.7228000000000002e-05,308663.01369863003,1.2,0.5277,0.56025,diagnostic_constant_section_cl_limit_not_gate,main_beam_loaded_shape_spar_data_root_offset_removed_as_avl_section_z_proxy
loaded_shape_avl_recheck_mvp_v1,target_main_tip_z_4p250m,0.9752452836959355,16.7412,0.668,0.5912,0.0159,-0.1038,10.149643088639998,0.27296908847999996,-0.363,6.6,25.700399999999995,1.18,1.7228000000000002e-05,301972.60273972596,1.2,0.6088,0.49266666666666664,diagnostic_constant_section_cl_limit_not_gate,main_beam_loaded_shape_spar_data_root_offset_removed_as_avl_section_z_proxy
loaded_shape_avl_recheck_mvp_v1,target_main_tip_z_4p250m,0.9873097293899974,16.9483,0.6568,0.4764,0.0173,-0.0924,8.041642823807999,0.292024393056,-0.363,6.6,25.700399999999995,1.18,1.7228000000000002e-05,296909.58904109587,1.2,0.7236,0.397,diagnostic_constant_section_cl_limit_not_gate,main_beam_loaded_shape_spar_data_root_offset_removed_as_avl_section_z_proxy
loaded_shape_avl_recheck_mvp_v1,target_main_tip_z_4p250m,0.9954187146174884,17.0875,0.6493,0.318,0.0147,-0.0688,5.306551770959999,0.24530286488399994,-0.363,6.6,25.700399999999995,1.18,1.7228000000000002e-05,293519.1780821917,1.2,0.8819999999999999,0.265,diagnostic_constant_section_cl_limit_not_gate,main_beam_loaded_shape_spar_data_root_offset_removed_as_avl_section_z_proxy
loaded_shape_avl_recheck_mvp_v1,target_main_tip_z_4p250m,0.9994906834925001,17.1574,0.6455,0.1139,0.0061,-0.0269,1.8895563739799996,0.10119661002,-0.363,6.6,25.700399999999995,1.18,1.7228000000000002e-05,291801.3698630136,1.2,1.0861,0.09491666666666668,diagnostic_constant_section_cl_limit_not_gate,main_beam_loaded_shape_spar_data_root_offset_removed_as_avl_section_z_proxy
loaded_shape_avl_recheck_mvp_v1,target_main_tip_z_4p250m,1.0,17.166143,0.64500409,0.1139,0.0061,-0.0269,1.8881047087570402,0.10111886499927959,-0.363,6.6,25.700399999999995,1.18,1.7228000000000002e-05,291577.191369863,1.2,1.0861,0.09491666666666668,diagnostic_constant_section_cl_limit_not_gate,main_beam_loaded_shape_spar_data_root_offset_removed_as_avl_section_z_proxy
