station_index,y_m,main_x_m,rear_x_m,quarter_chord_x_m,elastic_axis_x_m,aero_chord_m,spar_separation_m,spar_sep_over_chord,spar_pair_delta_z_change_m,direct_spar_pair_rotation_deg,elastic_axis_quarter_chord_projection_deg,conservative_bounded_physical_projection_deg,bounded_projection_lever_m
0.0,8.5772817995e-23,0.314193274,0.8797411672,0.314193274,0.5969672206,1.256773096,0.5655478932,0.44999999999999996,0.0,0.0,0.0,0.0,0.9425798220000001
1.0,0.290948540252,0.311963155925,0.873316239485,0.3119367227778949,0.592639697705,1.2477468911115797,0.56135308356,0.4498933938916952,-0.002506039258137971,-0.25578289872102195,-0.2557828987210218,-0.1534340343931146,0.9358101683336848
2.0,0.581902532716,0.309719207393,0.866961348417,0.30968012926928906,0.588340277905,1.2387205170771562,0.557242141024,0.44985300020609176,-0.014177284135576805,-1.4573975839606275,-1.4573975839606275,-0.8742736177956297,0.9290403878078672
3.0,0.872862908094,0.307470440947,0.860651993184,0.30742348625580385,0.5840612170655,1.2296939450232154,0.553181552237,0.44985303414383854,-0.027813086881443905,-2.87831673559972,-2.87831673559972,-1.7273562728136607,0.9222704587674115
4.0,1.16383133279,0.305260658532,0.854332076605,0.30516678081307136,0.5797963675685001,1.2206671232522854,0.549071418073,0.4498125718419294,-0.029918402774118016,-3.118910670761163,-3.1189106707611653,-1.8717506499725238,0.9155003424392141
5.0,1.45481063444,0.303225261201,0.848091069453,0.30290999101039046,0.575658165327,1.2116399640415618,0.5448658082519999,0.44969283320313946,-0.013242775228411954,-1.3922800221258673,-1.3922800221258673,-0.8349030485543314,0.9087299730311713
6.0,1.74578902893,0.300941397932,0.842163766961,0.30065320824350017,0.5715525824465,1.2026128329740007,0.5412223690290001,0.4500387441322945,0.014983933151500095,1.5858488769151362,1.5858488769151378,0.9517467765652464,0.9019596247305005
7.0,2.0367700018,0.2984065012,0.835863633269,0.29839640547909924,0.5671350672345,1.193585621916397,0.537457132069,0.45028787394914305,0.039526795214629235,4.206193428641597,4.206193428641598,2.528234734035864,0.8951892164372977
8.0,2.32775736816,0.296106223559,0.829490938132,0.2961395531277931,0.5627985808455,1.1845582125111724,0.533384714573,0.4502815555533276,0.05077458148816416,5.437781096737553,5.437781096737553,3.2709893834806536,0.8884186593833794
9.0,2.61875121593,0.29398887625,0.823224722018,0.2938826505076881,0.558606799134,1.1755306020307523,0.529235845768,0.45021018155863796,0.047109566964709554,5.086737904777243,5.0867379047772445,3.0586073516014194,0.8816479515230642
10.0,2.90977439632,0.291586794446,0.816716195956,0.29158734249630414,0.554151495201,1.1663493699852165,0.52512940151,0.4502333649107694,0.03358036834372402,3.6589024209802115,3.6589024209802092,2.198391167683676,0.8747620274889124
11.0,3.20083072452,0.289138012941,0.810167820359,0.2892618639708556,0.54965291665,1.1570474558834225,0.521029807418,0.4503097991086167,0.01756275286901124,1.9305819899228824,1.9305819899228824,1.1594272472657692,0.8677855919125669
12.0,3.491906324,0.28691322916,0.803701821584,0.28693623147195435,0.545307525372,1.1477449258878174,0.5167885924240001,0.4502643233419199,0.005877462802517747,0.6515997055824186,0.6515997055824186,0.3912002539887079,0.860808694415863
13.0,3.78300405653,0.284655144971,0.797165221152,0.2846104221346631,0.5409101830615,1.1384416885386524,0.512510076181,0.4501856189392341,0.0025188783923081604,0.2815943445366047,0.2815943445365983,0.1690271696411266,0.8538312664039893
14.0,4.0741298017,0.282388382794,0.790686976603,0.28228438898230085,0.5365376796985,1.1291375559292034,0.508298593809,0.4501653418043516,0.007304170428216489,0.823274629304063,0.823274629304063,0.49416803001538073,0.8468531669469026
15.0,4.36529189886,0.280349954847,0.784599386309,0.2799580653852242,0.5324746705779999,1.1198322615408969,0.504249431462,0.4502901450331046,0.01668085582378201,1.894685796091343,1.8946857960913526,1.1378096893042515,0.8398741961556726
16.0,4.65648016535,0.278000606282,0.778217070347,0.2776315327007338,0.5281088383145001,1.1105261308029353,0.500216464065,0.4504319621037033,0.025453130231951365,2.9129393621128385,2.9129393621128385,1.7504054014682207,0.8328945981022015
17.0,4.94770812303,0.27529879713,0.771321389535,0.27530468289202703,0.5233100933325,1.1012187315681081,0.49602259240499996,0.4504305803976619,0.030272690624241705,3.492479376713225,3.492479376713222,2.0991546025529497,0.8259140486760811
18.0,5.23898595383,0.272889925477,0.764885333694,0.2729774346076359,0.5188876295855,1.0919097384305436,0.49199540821700005,0.4505824894685614,0.03102826548524995,3.608646095803024,3.6086460958030226,2.169823657945545,0.8189323038229077
19.0,5.53031848161,0.270655808738,0.758398374988,0.27064974930593894,0.514527091863,1.0825989972237557,0.48774256625,0.4505292980141118,0.028399578079901067,3.332374326437423,3.33237432643742,2.003219900954307,0.8119492479178168
20.0,5.82171142956,0.26849822299,0.751924896027,0.2683215812598581,0.5102115595085,1.0732863250394324,0.483426673037,0.4504172481832739,0.02384756885291145,2.8241270079575713,2.8241270079575713,1.696925891046306,0.8049647437795744
21.0,6.11325074211,0.266064466757,0.745268937057,0.26595900484389223,0.505666701907,1.063836019375569,0.4792044703,0.4504495632524971,0.018397518388086676,2.1986078806149076,2.1986078806149045,1.3208970611765865,0.7978770145316767
22.0,6.40504686313,0.263224240172,0.73829789185,0.2635353326804164,0.500761066011,1.0541413307216656,0.47507365167800003,0.4506735841130187,0.0126199245204279,1.5216554392772328,1.521655439277236,0.9144972492327609,0.7906059980412492
23.0,6.69697177766,0.261000407125,0.731668398766,0.26111059075205156,0.4963344029455,1.0444423630082063,0.470667991641,0.45064046453016376,0.008673141464126566,1.0556871808580133,1.0556871808580133,0.6343596843832736,0.7833317722561547
24.0,6.98903624622,0.258727400864,0.72483838505,0.25868468968141767,0.49178289295699995,1.0347387587256707,0.466110984186,0.45046247688647284,0.0064891871333082884,0.7976190853181292,0.7976190853181292,0.4790830755344044,0.776054069044253
25.0,7.28125697322,0.256331898585,0.718085521227,0.2562574907209078,0.48720870990599996,1.0250299628836312,0.461753622642,0.45047817074828433,0.00597094949869828,0.7408520969727482,0.7408520969727482,0.4449994496806109,0.7687724721627234
26.0,7.57365424442,0.25404955812,0.711909349892,0.25382882537605506,0.48297945400600006,1.0153153015042202,0.45785979177200004,0.4509533059273971,0.0066632041214781945,0.8337629396750995,0.8337629396750995,0.501340132564013,0.7614864761281652
27.0,7.86621751827,0.251646045689,0.704217469948,0.25139878120546444,0.47793175781850006,1.0055951248218578,0.45257142425900004,0.45005331975846,0.00702301274085243,0.8890457350827987,0.8890457350827955,0.5335180459403629,0.7541963436163933
28.0,8.15895381586,0.249019013834,0.696572795137,0.24896729989163566,0.4727959044855,0.9958691995665426,0.447553781303,0.44941020517333014,0.007475766289841035,0.9569576783376094,0.956957678337603,0.573456239180264,0.7469018996749069
29.0,8.4518473304,0.246565517412,0.690097203495,0.24653451272650218,0.4683313604535,0.9861380509060087,0.44353168608300003,0.44976632397006466,0.007988705513466615,1.031875819496493,1.031875819496493,0.6188468372508706,0.7396035381795065
30.0,8.7448801413,0.244320548839,0.683384059615,0.24410056855931866,0.463852304227,0.9764022742372747,0.43906351077600003,0.4496748137123896,0.007826065256967413,1.021157577908072,1.0211575779080686,0.6122933162623162,0.7323017056779559
31.0,9.03824331793,0.241810257528,0.676368386581,0.2416136717292517,0.4590893220545,0.9664546869170068,0.43455812905299995,0.44964149373546075,0.006625280177001952,0.8734646975341529,0.8734646975341498,0.5236872824593397,0.7248410151877551
32.0,9.33218947817,0.238703967553,0.668911298281,0.23904019019901987,0.453807632917,0.9561607607960795,0.43020733072800005,0.4499320076362665,0.003775135734928936,0.5027664049037988,0.5027664049037956,0.30161921929674423,0.7171205705970596
33.0,9.62626640464,0.236361317427,0.66192161111,0.23646556381805273,0.4491414642685,0.9458622552722109,0.425560293683,0.4499178303298798,0.0024525872889915035,0.3302031389387938,0.3302031389388002,0.19808711030304316,0.7093966914541582
34.0,9.92045559687,0.233944030002,0.654655293506,0.2338899545568888,0.44429966175400004,0.9355598182275552,0.420711263504,0.44968932537210665,0.0018681363932325223,0.2544158825518163,0.2544158825518226,0.15254478426761503,0.7016698636706664
35.0,10.2147453808,0.231268035094,0.647378488049,0.23131346462124405,0.43932326157150003,0.9252538584849762,0.416110452955,0.4497257148825568,0.0017402309552738693,0.23961740712654314,0.23961740712654314,0.14368334943830538,0.6939403938637322
36.0,10.5091260236,0.228247818014,0.639961941241,0.22873617922147893,0.4341048796275,0.9149447168859157,0.4117141232270001,0.44998797810243724,0.001572735237051176,0.21886704387698325,0.21886704387698325,0.13131712686097902,0.6862085376644368
37.0,10.8036453866,0.225822650033,0.631925389779,0.22615767933443395,0.42887401990600005,0.9046307173377358,0.40610273974600003,0.4489154877927776,0.0015051386890977958,0.2123543900487875,0.2123543900487875,0.1271059396124462,0.6784730380033018
38.0,11.0983166214,0.223782480708,0.624677057848,0.2235778498186163,0.424229769278,0.8943113992744652,0.40089457714,0.4482717960044306,0.0019870814891768673,0.28399099667271377,0.28399099667270744,0.1697410989694509,0.670733549455849
39.0,11.3931052182,0.221228536683,0.617565122626,0.22099699280531718,0.41939682965450004,0.8839879712212687,0.39633658594300003,0.4483506550382619,0.002059454887528789,0.2977191996451235,0.2977191996451299,0.17797782695299924,0.6629909784159516
40.0,11.6879904018,0.218588860303,0.610336986941,0.21841529018020372,0.414462923622,0.8736611607208149,0.391748126638,0.4483982397875944,0.0021111194790436327,0.30876233241732287,0.30876233241732287,0.18459913004167133,0.6552458705406112
41.0,11.9829528247,0.216218616889,0.603256040888,0.21583291132951282,0.4097373288885,0.8633316453180513,0.387037423999,0.4483067730668154,0.002909279852365887,0.4306723518073777,0.43067235180736496,0.2574342257648342,0.6474987339885385
42.0,12.2785247168,0.213032255191,0.595282106163,0.2130834011237983,0.404157180677,0.8523336044951932,0.38224985097200004,0.44847445760207116,0.0015181131429034267,0.22755017006797915,0.2275501700679728,0.13606771172395724,0.6392502033713949
43.0,12.5743928982,0.210218047915,0.587554258096,0.21031053854080786,0.3988861530055,0.8412421541632314,0.37733621018100005,0.4485464836891461,0.0009200822137134246,0.1397075651659384,0.1397075651659448,0.0835538891634477,0.6309316156224236
44.0,12.8703070195,0.207606433078,0.579838481201,0.2075372454112504,0.3937224571395,0.8301489816450016,0.37223204812300004,0.44839186260928093,0.0012868962540064088,0.19808458361307016,0.19808458361307651,0.11842632371516264,0.6226117362337512
45.0,13.1662557972,0.204554776466,0.571794852781,0.2047636274835536,0.3881748146235,0.8190545099342144,0.36724007631499994,0.4483707395060877,0.0014367929484153108,0.22416331238921156,0.22416331238921156,0.13401146624768856,0.6142908824506608
46.0,13.4622273057,0.200147394995,0.562111083304,0.20198979652387575,0.3811292391495,0.807959186095503,0.36196368830899994,0.44799749113343806,0.0003579740945839349,0.05666424221605642,0.05666424221606278,0.033847258230753303,0.6059693895716273
47.0,13.7583403946,0.19777474858,0.555884959174,0.19921463867939473,0.376829853877,0.7968585547175789,0.35811021059400006,0.4494024798678616,0.0011947066052383493,0.19114616188307376,0.19114616188307376,0.11453568457690651,0.5976439160381842
48.0,14.0545570527,0.196990868225,0.550439497713,0.19643851018927663,0.373715182969,0.7857540407571065,0.35344862948800004,0.44982095051962784,0.002309878361073714,0.37443743201204766,0.37443743201204766,0.2245751158153345,0.5893155305678299
49.0,14.3511767159,0.193587334681,0.54122008069,0.19345554079745364,0.3674037076855,0.7738221631898146,0.34763274600900007,0.4492411338750032,0.00021885934845183863,0.03607173219580734,0.0360717321958137,0.021606542993745873,0.5803666223923609
50.0,14.6480711625,0.190257139643,0.532659559882,0.19045378090494,0.3614583497625,0.76181512361976,0.34240242023899997,0.44945605518052323,-5.280878539126732e-05,-0.008836738064032441,-0.008836738064019719,-0.005295633934804183,0.57136134271482
51.0,14.9450054848,0.187449645467,0.524466950695,0.18745161784800782,0.355958298081,0.7498064713920313,0.33701730522800005,0.4494723879914245,0.0007432640293535409,0.12636093827044467,0.12636093827045103,0.07572774891135113,0.5623548535440235
52.0,15.2419594295,0.184498558298,0.516054775115,0.18444925639823265,0.3502766667065,0.7377970255929306,0.331556216817,0.44938676264050376,0.0010035998891081144,0.17343020408654025,0.17343020408654025,0.10391652070675822,0.553347769194698
53.0,15.538924608,0.181570402489,0.507712146757,0.18136358127556199,0.34464127462300004,0.7254543251022479,0.326141744268,0.4495689569733181,0.001412174003988742,0.2480857054964746,0.24808570549646822,0.1487094378991465,0.544090743826686
54.0,15.8362435476,0.177955814182,0.498192233238,0.1780808161246621,0.33807402371,0.7123232644986484,0.320236419056,0.44956613803901335,0.00024359136997592623,0.04358265925767199,0.043582659257665635,0.026124386972099328,0.5342424483739863
55.0,16.13360749,0.174770312342,0.489003583589,0.1747975540877457,0.3318869479655,0.6991902163509828,0.31423327124699996,0.44942458275082564,0.0006058351832468056,0.11046492923492902,0.11046492923492267,0.06619425887285656,0.5243926622632371
56.0,16.4309712047,0.171605904206,0.479878473406,0.17120641240246098,0.325742188806,0.6848256496098439,0.3082725692,0.4501475220380951,0.0015819522659129004,0.29402029783148476,0.294020297831472,0.1764710023467931,0.5136192372073829
57.0,16.7286424565,0.167162145917,0.467843045961,0.16717547243255454,0.317502595939,0.6687018897302182,0.30068090004400005,0.44964864712032904,0.0005378399843473103,0.10248714928643245,0.10248714928642608,0.06144431934251093,0.5015264172976637
58.0,17.0263387775,0.163081402376,0.456255502578,0.163144192985995,0.30966845247700003,0.65257677194398,0.293174100202,0.4492561071836117,0.00110409407245865,0.21577496589674816,0.21577496589674816,0.1292513534016594,0.489432578957985
59.0,17.324040695,0.15912409342,0.445161002503,0.1612510225,0.3021425479615,0.64500409,0.286036909083,0.44346526404662023,0.0029353888885366164,0.46711134293105466,0.4671113429310674,0.3476635946969559,0.4837530675
