section_index,eta,y_m,z_m,chord_m,twist_deg,dihedral_local_z_slope,dihedral_local_deg,airfoil_id,airfoil_source_quality,airfoil_dat_path
0,0.0,0.0,0.0,1.256773096,5.63371,,,dae31,unknown,/Volumes/Samsung SSD/hpa-mdo/output/go_mode_main_wing_candidate/final_candidate_package/geometry_exports/avl_parity/current_avl_compromise_conservative_closed/airfoils/dae31.dat
1,0.1600000069905045,2.746583,0.088492515,1.171564829,5.959416,0.032219130097288155,1.84538180421834,dae31,unknown,/Volumes/Samsung SSD/hpa-mdo/output/go_mode_main_wing_candidate/final_candidate_package/geometry_exports/avl_parity/current_avl_compromise_conservative_closed/airfoils/dae31.dat
2,0.34999999708728974,6.00815,0.306084434,1.067327906,6.062433,0.0667139197201836,3.816770246722078,dae31,unknown,/Volumes/Samsung SSD/hpa-mdo/output/go_mode_main_wing_candidate/final_candidate_package/geometry_exports/avl_parity/current_avl_compromise_conservative_closed/airfoils/dae31.dat
3,0.5199999790284865,8.926394,0.643125068,0.970371624,5.670963,0.11549432946662443,6.58814813970353,dae31,unknown,/Volumes/Samsung SSD/hpa-mdo/output/go_mode_main_wing_candidate/final_candidate_package/geometry_exports/avl_parity/current_avl_compromise_conservative_closed/airfoils/dae31.dat
4,0.6999999941745795,12.0163,1.186643196,0.862163835,4.843813,0.17590118534350238,9.976337638789483,dae31,unknown,/Volumes/Samsung SSD/hpa-mdo/output/go_mode_main_wing_candidate/final_candidate_package/geometry_exports/avl_parity/current_avl_compromise_conservative_closed/airfoils/dae31.dat
5,0.8199999848539069,14.076237,1.675614475,0.784941307,4.246063,0.23737195797735547,13.353273693489419,cst_tip_nsga2_g05_child_0032_70ef8136,unknown,/Volumes/Samsung SSD/hpa-mdo/output/go_mode_main_wing_candidate/final_candidate_package/geometry_exports/avl_parity/current_avl_compromise_conservative_closed/airfoils/cst_tip_nsga2_g05_child_0032_70ef8136.dat
6,0.9000000174762611,15.449529,2.064278575,0.729402473,3.928193,0.28301635777387485,15.802380798509507,cst_tip_nsga2_g05_child_0032_70ef8136,unknown,/Volumes/Samsung SSD/hpa-mdo/output/go_mode_main_wing_candidate/final_candidate_package/geometry_exports/avl_parity/current_avl_compromise_conservative_closed/airfoils/cst_tip_nsga2_g05_child_0032_70ef8136.dat
7,0.9500000087381306,16.307836,2.335349374,0.691495432,3.729525,0.31582032885669087,17.527175919903733,cst_tip_nsga2_g05_child_0032_70ef8136,unknown,/Volumes/Samsung SSD/hpa-mdo/output/go_mode_main_wing_candidate/final_candidate_package/geometry_exports/avl_parity/current_avl_compromise_conservative_closed/airfoils/cst_tip_nsga2_g05_child_0032_70ef8136.dat
8,1.0,17.166143,2.62856087,0.64500409,3.650057,0.34161610705726464,18.86099348079015,cst_tip_nsga2_g05_child_0032_70ef8136,unknown,/Volumes/Samsung SSD/hpa-mdo/output/go_mode_main_wing_candidate/final_candidate_package/geometry_exports/avl_parity/current_avl_compromise_conservative_closed/airfoils/cst_tip_nsga2_g05_child_0032_70ef8136.dat
