Node,Y_Position_m,Main_X_m,Main_Z_m,Main_Outer_Radius_m,Main_Wall_Thickness_m,Rear_X_m,Rear_Z_m,Rear_Outer_Radius_m,Rear_Wall_Thickness_m,Lift_Per_Span_N_m,Torque_Per_Span_Nm_m,Main_FZ_N,Rear_FZ_N,Is_Joint,Is_Wire_Attach
1,0.00000000e+00,3.14193274e-01,7.14391296e-02,3.06350000e-02,8.00000000e-04,8.79741167e-01,6.51858601e-02,1.00000000e-02,8.00000000e-04,0.00000000e+00,0.00000000e+00,-6.93811032e-01,-2.20293895e-01,0,0
2,2.90951576e-01,3.11936699e-01,7.73074693e-02,3.06350000e-02,8.00000000e-04,8.73422758e-01,7.16749378e-02,1.00000000e-02,8.00000000e-04,0.00000000e+00,0.00000000e+00,-1.38762206e+00,-4.40587789e-01,0,0
3,5.81903153e-01,3.09680124e-01,8.31863603e-02,3.06350000e-02,8.00000000e-04,8.67104348e-01,7.81662359e-02,1.00000000e-02,8.00000000e-04,7.57840027e+01,-4.58800208e+01,2.06618530e+01,-4.40587789e-01,0,0
4,8.72854729e-01,3.07423550e-01,8.90758027e-02,3.06350000e-02,8.00000000e-04,8.60785939e-01,8.46597547e-02,1.00000000e-02,8.00000000e-04,7.54945252e+01,-4.58643968e+01,2.05776291e+01,-4.40587789e-01,0,0
5,1.16380631e+00,3.05166975e-01,9.49757963e-02,3.06350000e-02,8.00000000e-04,8.54467530e-01,9.11554944e-02,1.00000000e-02,8.00000000e-04,7.52050478e+01,-4.58487728e+01,2.04934051e+01,-4.40587789e-01,0,0
6,1.45475788e+00,3.02910400e-01,1.00886341e-01,3.06350000e-02,8.00000000e-04,8.48149120e-01,9.76534551e-02,1.00000000e-02,8.00000000e-04,7.49101923e+01,-4.58312364e+01,2.04076165e+01,-4.40587789e-01,1,0
7,1.74570946e+00,3.00653825e-01,1.06807438e-01,3.06350000e-02,8.00000000e-04,8.41830711e-01,1.04153637e-01,1.00000000e-02,8.00000000e-04,7.46058081e+01,-4.58103116e+01,2.03190554e+01,-4.40587789e-01,0,0
8,2.03666103e+00,2.98397251e-01,1.12739085e-01,3.06350000e-02,8.00000000e-04,8.35512302e-01,1.10656041e-01,1.00000000e-02,8.00000000e-04,7.43014240e+01,-4.57893868e+01,2.02304944e+01,-4.40587789e-01,0,0
9,2.32761261e+00,2.96140676e-01,1.18681284e-01,3.06350000e-02,8.00000000e-04,8.29193892e-01,1.17160666e-01,1.00000000e-02,8.00000000e-04,7.39749421e+01,-4.57550069e+01,2.01355039e+01,-4.40587789e-01,0,0
10,2.61856419e+00,2.93884101e-01,1.24634035e-01,3.06350000e-02,8.00000000e-04,8.22875483e-01,1.23667514e-01,1.00000000e-02,8.00000000e-04,7.35880800e+01,-4.56838618e+01,2.00229458e+01,-4.40587789e-01,0,0
11,2.90951576e+00,2.91589409e-01,1.33080419e-01,3.06350000e-02,8.00000000e-04,8.16450345e-01,1.32529863e-01,1.00000000e-02,8.00000000e-04,7.32012180e+01,-4.56127168e+01,1.99103877e+01,-4.40587789e-01,0,0
12,3.20046734e+00,2.89264767e-01,1.43488600e-01,3.06350000e-02,8.00000000e-04,8.09941349e-01,1.43246378e-01,1.00000000e-02,8.00000000e-04,7.27966709e+01,-4.55408878e+01,1.97926841e+01,-4.40587789e-01,0,0
13,3.49141892e+00,2.86940126e-01,1.53907650e-01,3.06350000e-02,8.00000000e-04,8.03432352e-01,1.53968877e-01,1.00000000e-02,8.00000000e-04,7.23088121e+01,-4.54658367e+01,1.96507408e+01,-4.40587789e-01,0,0
14,3.78237049e+00,2.84615484e-01,1.64337570e-01,3.06350000e-02,8.00000000e-04,7.96923356e-01,1.64697361e-01,1.00000000e-02,8.00000000e-04,7.18209532e+01,-4.53907857e+01,1.95087975e+01,-4.40587789e-01,0,0
15,4.07332207e+00,2.82290843e-01,1.74778360e-01,3.06350000e-02,8.00000000e-04,7.90414359e-01,1.75431830e-01,1.00000000e-02,8.00000000e-04,7.13303550e+01,-4.52937670e+01,1.93660571e+01,-4.40587789e-01,0,0
16,4.36427364e+00,2.79966201e-01,1.85230019e-01,3.06350000e-02,8.00000000e-04,7.83905363e-01,1.86172283e-01,1.00000000e-02,8.00000000e-04,7.08102345e+01,-4.49524699e+01,1.92147273e+01,-4.40587789e-01,1,0
17,4.65522522e+00,2.77641559e-01,1.95692548e-01,3.06350000e-02,8.00000000e-04,7.77396366e-01,1.96918720e-01,1.00000000e-02,8.00000000e-04,7.02920162e+01,-4.46124883e+01,1.90639508e+01,-4.40587789e-01,0,0
18,4.94617680e+00,2.75316918e-01,2.06165946e-01,3.06350000e-02,8.00000000e-04,7.70887370e-01,2.07671142e-01,1.00000000e-02,8.00000000e-04,6.97546664e+01,-4.40841193e+01,1.89076081e+01,-4.40587789e-01,0,0
19,5.23712837e+00,2.72992276e-01,2.16650214e-01,3.06350000e-02,8.00000000e-04,7.64378374e-01,2.18429549e-01,1.00000000e-02,8.00000000e-04,6.91960084e+01,-4.33753070e+01,1.87450657e+01,-4.40587789e-01,0,0
20,5.52807995e+00,2.70667635e-01,2.27145352e-01,3.06350000e-02,8.00000000e-04,7.57869377e-01,2.29193940e-01,1.00000000e-02,8.00000000e-04,6.86087599e+01,-4.25936897e+01,1.85742048e+01,-4.40587789e-01,0,0
21,5.81903153e+00,2.68342993e-01,2.37651359e-01,3.06350000e-02,8.00000000e-04,7.51360381e-01,2.39964315e-01,1.00000000e-02,8.00000000e-04,6.79875400e+01,-4.17263319e+01,1.83934599e+01,-4.40587789e-01,0,0
22,6.10998310e+00,2.65986146e-01,2.49765742e-01,3.06350000e-02,8.00000000e-04,7.44761209e-01,2.52196836e-01,1.00000000e-02,8.00000000e-04,6.73443236e+01,-4.09091839e+01,1.82063150e+01,-4.40587789e-01,0,0
23,6.40093468e+00,2.63569489e-01,2.64858080e-01,3.06350000e-02,8.00000000e-04,7.37994568e-01,2.67144740e-01,1.00000000e-02,8.00000000e-04,6.66674764e+01,-4.01629628e+01,1.80093853e+01,-4.40587789e-01,0,0
24,6.69188625e+00,2.61152831e-01,2.79961717e-01,3.06350000e-02,8.00000000e-04,7.31227928e-01,2.82106191e-01,1.00000000e-02,8.00000000e-04,6.59631581e+01,-3.94038273e+01,1.78044628e+01,-4.40587789e-01,0,0
25,6.98283783e+00,2.58736174e-01,2.95076654e-01,3.06350000e-02,8.00000000e-04,7.24461287e-01,2.97081188e-01,1.00000000e-02,8.00000000e-04,6.52029036e+01,-3.86134236e+01,1.75832655e+01,-4.40587789e-01,0,0
26,7.27378941e+00,2.56319517e-01,3.10202891e-01,3.06350000e-02,8.00000000e-04,7.17694647e-01,3.12069730e-01,1.00000000e-02,8.00000000e-04,6.44368201e+01,-3.78666120e+01,1.73603723e+01,-4.40587789e-01,0,0
27,7.56474098e+00,2.53902859e-01,3.25340428e-01,3.06350000e-02,8.00000000e-04,7.10928006e-01,3.27071817e-01,1.00000000e-02,8.00000000e-04,6.36511498e+01,-3.72222481e+01,1.71317803e+01,-4.40587789e-01,1,1
28,7.85569256e+00,2.51486202e-01,3.40489264e-01,3.06350000e-02,8.00000000e-04,7.04161366e-01,3.42087450e-01,1.00000000e-02,8.00000000e-04,6.28635441e+01,-3.65656270e+01,1.69026252e+01,-4.40587789e-01,0,0
29,8.14664414e+00,2.49069545e-01,3.55649401e-01,3.06350000e-02,8.00000000e-04,6.97394725e-01,3.57116626e-01,1.00000000e-02,8.00000000e-04,6.20622831e+01,-3.58577653e+01,1.66694970e+01,-4.40587789e-01,0,0
30,8.43759571e+00,2.46652887e-01,3.70820837e-01,3.06350000e-02,8.00000000e-04,6.90628085e-01,3.72159347e-01,1.00000000e-02,8.00000000e-04,6.12480397e+01,-3.51769073e+01,1.64325916e+01,-4.40587789e-01,0,0
31,8.72854729e+00,2.44236230e-01,3.86003573e-01,3.06350000e-02,8.00000000e-04,6.83861444e-01,3.87215612e-01,1.00000000e-02,8.00000000e-04,6.03493482e+01,-3.46297504e+01,1.61711159e+01,-4.40587789e-01,0,0
32,9.01949886e+00,2.41777778e-01,4.02618694e-01,3.06350000e-02,8.00000000e-04,6.76977779e-01,4.03611872e-01,1.00000000e-02,8.00000000e-04,5.94491612e+01,-3.40716948e+01,1.59092051e+01,-4.40587789e-01,0,0
33,9.31045044e+00,2.39230514e-01,4.22265305e-01,3.06350000e-02,8.00000000e-04,6.69845440e-01,4.22844958e-01,1.00000000e-02,8.00000000e-04,5.84919164e+01,-3.34283716e+01,1.56306932e+01,-4.40587789e-01,0,0
34,9.60140202e+00,2.36683250e-01,4.41923827e-01,3.06350000e-02,8.00000000e-04,6.62713100e-01,4.42098535e-01,1.00000000e-02,8.00000000e-04,5.75384098e+01,-3.27888470e+01,1.53532690e+01,-4.40587789e-01,0,0
35,9.89235359e+00,2.34135986e-01,4.61594259e-01,3.06350000e-02,8.00000000e-04,6.55580761e-01,4.61372603e-01,1.00000000e-02,8.00000000e-04,5.65102644e+01,-3.22142005e+01,1.50541284e+01,-4.40587789e-01,0,0
36,1.01833052e+01,2.31588722e-01,4.81276602e-01,3.06350000e-02,8.00000000e-04,6.48448421e-01,4.80667158e-01,1.00000000e-02,8.00000000e-04,5.54902220e+01,-3.16386391e+01,1.47573455e+01,-4.40587789e-01,0,0
37,1.04742567e+01,2.29041458e-01,5.00970856e-01,3.06350000e-02,8.00000000e-04,6.41316082e-01,4.99982200e-01,1.00000000e-02,8.00000000e-04,5.44207816e+01,-3.08108839e+01,1.46219663e+01,-4.40587789e-01,1,0
38,1.07652083e+01,2.26494194e-01,5.20677020e-01,2.29750000e-02,8.00000000e-04,6.34183742e-01,5.19317727e-01,1.00000000e-02,8.00000000e-04,5.33555784e+01,-2.99803722e+01,1.44878199e+01,-4.40587789e-01,0,0
39,1.10561599e+01,2.23946929e-01,5.40395094e-01,2.29750000e-02,8.00000000e-04,6.27051403e-01,5.38673736e-01,1.00000000e-02,8.00000000e-04,5.22019472e+01,-2.91101091e+01,1.41521691e+01,-4.40587789e-01,0,0
40,1.13471115e+01,2.21399665e-01,5.60125079e-01,2.29750000e-02,8.00000000e-04,6.19919063e-01,5.58050226e-01,1.00000000e-02,8.00000000e-04,5.10432621e+01,-2.82345068e+01,1.38150479e+01,-4.40587789e-01,0,0
41,1.16380631e+01,2.18852401e-01,5.79866975e-01,2.29750000e-02,8.00000000e-04,6.12786723e-01,5.77447196e-01,1.00000000e-02,8.00000000e-04,4.96570227e+01,-2.72527139e+01,1.34117193e+01,-4.40587789e-01,0,0
42,1.19290146e+01,2.16305137e-01,5.99620781e-01,2.29750000e-02,8.00000000e-04,6.05654384e-01,5.96864644e-01,1.00000000e-02,8.00000000e-04,4.82463774e+01,-2.62630221e+01,1.30012898e+01,-4.40587789e-01,0,0
43,1.22199662e+01,2.13632209e-01,6.22052253e-01,2.29750000e-02,8.00000000e-04,5.98170184e-01,6.18939397e-01,1.00000000e-02,8.00000000e-04,4.65703528e+01,-2.52774355e+01,1.25136478e+01,-4.40587789e-01,0,0
44,1.25109178e+01,2.10905424e-01,6.45638813e-01,2.29750000e-02,8.00000000e-04,5.90535188e-01,6.42166869e-01,1.00000000e-02,8.00000000e-04,4.48531647e+01,-2.43023445e+01,1.20140293e+01,-4.40587789e-01,0,0
45,1.28018694e+01,2.08178640e-01,6.69238123e-01,2.29750000e-02,8.00000000e-04,5.82900192e-01,6.65417377e-01,1.00000000e-02,8.00000000e-04,4.29196594e+01,-2.32588741e+01,1.14514728e+01,-4.40587789e-01,0,0
46,1.30928209e+01,2.05451856e-01,6.92850183e-01,2.29750000e-02,8.00000000e-04,5.75265196e-01,6.88690921e-01,1.00000000e-02,8.00000000e-04,4.09447823e+01,-2.22091507e+01,1.08768792e+01,-4.40587789e-01,0,0
47,1.33837725e+01,2.02725071e-01,7.16474993e-01,2.29750000e-02,8.00000000e-04,5.67630199e-01,7.11987497e-01,1.00000000e-02,8.00000000e-04,3.89536085e+01,-2.05396541e+01,1.04805486e+01,-4.40587789e-01,1,0
48,1.36747241e+01,1.99998287e-01,7.40112553e-01,1.50000000e-02,8.00000000e-04,5.59995203e-01,7.35307107e-01,1.00000000e-02,8.00000000e-04,3.69776916e+01,-1.86773202e+01,1.00886571e+01,-4.40587789e-01,0,0
49,1.39656757e+01,1.97271502e-01,7.63762863e-01,1.50000000e-02,8.00000000e-04,5.52360207e-01,7.58649747e-01,1.00000000e-02,8.00000000e-04,3.52712295e+01,-1.68089945e+01,9.59215924e+00,-4.40587789e-01,0,0
50,1.42566272e+01,1.94411486e-01,7.88997397e-01,1.50000000e-02,8.00000000e-04,5.44352161e-01,7.83655326e-01,1.00000000e-02,8.00000000e-04,3.36842486e+01,-1.49932003e+01,9.13042464e+00,-4.40587789e-01,0,0
51,1.45475788e+01,1.91469812e-01,8.15208653e-01,1.50000000e-02,8.00000000e-04,5.36115473e-01,8.09687961e-01,1.00000000e-02,8.00000000e-04,3.23139020e+01,-1.31840144e+01,8.73172012e+00,-4.40587789e-01,0,0
52,1.48385304e+01,1.88528137e-01,8.41433663e-01,1.50000000e-02,8.00000000e-04,5.27878785e-01,8.35742298e-01,1.00000000e-02,8.00000000e-04,3.10548534e+01,-1.14450983e+01,8.36539795e+00,-4.40587789e-01,0,0
53,1.51294820e+01,1.85586463e-01,8.67672429e-01,1.50000000e-02,8.00000000e-04,5.19642097e-01,8.61818337e-01,1.00000000e-02,8.00000000e-04,2.97842433e+01,-9.61539838e+00,7.99571194e+00,-4.40587789e-01,0,0
54,1.54204335e+01,1.82644789e-01,8.93924949e-01,1.50000000e-02,8.00000000e-04,5.11405408e-01,8.87916079e-01,1.00000000e-02,8.00000000e-04,2.84855461e+01,-7.80507669e+00,7.61785396e+00,-4.40587789e-01,0,0
55,1.57113851e+01,1.79459406e-01,9.21665497e-01,1.50000000e-02,8.00000000e-04,5.02486337e-01,9.15518147e-01,1.00000000e-02,8.00000000e-04,2.69995535e+01,-5.96549186e+00,7.18550204e+00,-4.40587789e-01,0,0
56,1.60023367e+01,1.76246944e-01,9.49584813e-01,1.50000000e-02,8.00000000e-04,4.93491444e-01,9.43308557e-01,1.00000000e-02,8.00000000e-04,2.53428345e+01,-4.17605922e+00,6.70347705e+00,-4.40587789e-01,0,0
57,1.62932883e+01,1.73034483e-01,9.77519150e-01,1.50000000e-02,8.00000000e-04,4.84496552e-01,9.71122670e-01,1.00000000e-02,8.00000000e-04,0.00000000e+00,0.00000000e+00,-6.70060596e-01,-4.40587789e-01,0,0
58,1.65842398e+01,1.69130912e-01,1.00662174e+00,1.50000000e-02,8.00000000e-04,4.73566555e-01,1.00034440e+00,1.00000000e-02,8.00000000e-04,0.00000000e+00,0.00000000e+00,-6.70060596e-01,-4.40587789e-01,0,0
59,1.68751914e+01,1.65190967e-01,1.03580336e+00,1.50000000e-02,8.00000000e-04,4.62534709e-01,1.02965817e+00,1.00000000e-02,8.00000000e-04,0.00000000e+00,0.00000000e+00,-6.70060596e-01,-4.40587789e-01,0,0
60,1.71661430e+01,1.61251023e-01,1.06500340e+00,1.50000000e-02,8.00000000e-04,4.51502863e-01,1.05899103e+00,1.00000000e-02,8.00000000e-04,0.00000000e+00,0.00000000e+00,-3.35030298e-01,-2.20293895e-01,0,0
