rib_id,y_m,rib_type,mandatory_reason,material_family,material_structural_role,hybrid_next_step_candidate,notes
R000,-17.324041,mandatory_contract_rib,tip_boundary,balsa_sheet_3mm,screening_baseline_not_final_signoff,true,Candidate local reinforcement station for hybrid rib stiffness sweep.
R001,-17.026978,materialized_spacing_rib,,balsa_sheet_3mm,screening_baseline_not_final_signoff,false,Materialized spacing rib; still not shape/bond signoff.
R002,-16.729916,materialized_spacing_rib,,balsa_sheet_3mm,screening_baseline_not_final_signoff,false,Materialized spacing rib; still not shape/bond signoff.
R003,-16.432853,materialized_spacing_rib,,balsa_sheet_3mm,screening_baseline_not_final_signoff,false,Materialized spacing rib; still not shape/bond signoff.
R004,-16.13579,materialized_spacing_rib,,balsa_sheet_3mm,screening_baseline_not_final_signoff,false,Materialized spacing rib; still not shape/bond signoff.
R005,-15.838728,materialized_spacing_rib,,balsa_sheet_3mm,screening_baseline_not_final_signoff,false,Materialized spacing rib; still not shape/bond signoff.
R006,-15.541665,materialized_spacing_rib,,balsa_sheet_3mm,screening_baseline_not_final_signoff,false,Materialized spacing rib; still not shape/bond signoff.
R007,-15.244603,materialized_spacing_rib,,balsa_sheet_3mm,screening_baseline_not_final_signoff,false,Materialized spacing rib; still not shape/bond signoff.
R008,-14.94754,materialized_spacing_rib,,balsa_sheet_3mm,screening_baseline_not_final_signoff,false,Materialized spacing rib; still not shape/bond signoff.
R009,-14.650478,materialized_spacing_rib,,balsa_sheet_3mm,screening_baseline_not_final_signoff,false,Materialized spacing rib; still not shape/bond signoff.
R010,-14.353415,materialized_spacing_rib,,balsa_sheet_3mm,screening_baseline_not_final_signoff,false,Materialized spacing rib; still not shape/bond signoff.
R011,-14.056352,materialized_spacing_rib,,balsa_sheet_3mm,screening_baseline_not_final_signoff,false,Materialized spacing rib; still not shape/bond signoff.
R012,-13.75929,materialized_spacing_rib,,balsa_sheet_3mm,screening_baseline_not_final_signoff,false,Materialized spacing rib; still not shape/bond signoff.
R013,-13.462227,mandatory_contract_rib,spar_joint,balsa_sheet_3mm,screening_baseline_not_final_signoff,true,Candidate local reinforcement station for hybrid rib stiffness sweep.
R014,-13.166917,materialized_spacing_rib,,balsa_sheet_3mm,screening_baseline_not_final_signoff,false,Materialized spacing rib; still not shape/bond signoff.
R015,-12.871607,materialized_spacing_rib,,balsa_sheet_3mm,screening_baseline_not_final_signoff,false,Materialized spacing rib; still not shape/bond signoff.
R016,-12.576297,materialized_spacing_rib,,balsa_sheet_3mm,screening_baseline_not_final_signoff,false,Materialized spacing rib; still not shape/bond signoff.
R017,-12.280987,materialized_spacing_rib,,balsa_sheet_3mm,screening_baseline_not_final_signoff,false,Materialized spacing rib; still not shape/bond signoff.
R018,-11.985677,materialized_spacing_rib,,balsa_sheet_3mm,screening_baseline_not_final_signoff,false,Materialized spacing rib; still not shape/bond signoff.
R019,-11.690367,materialized_spacing_rib,,balsa_sheet_3mm,screening_baseline_not_final_signoff,false,Materialized spacing rib; still not shape/bond signoff.
R020,-11.395056,materialized_spacing_rib,,balsa_sheet_3mm,screening_baseline_not_final_signoff,false,Materialized spacing rib; still not shape/bond signoff.
R021,-11.099746,materialized_spacing_rib,,balsa_sheet_3mm,screening_baseline_not_final_signoff,false,Materialized spacing rib; still not shape/bond signoff.
R022,-10.804436,materialized_spacing_rib,,balsa_sheet_3mm,screening_baseline_not_final_signoff,false,Materialized spacing rib; still not shape/bond signoff.
R023,-10.509126,mandatory_contract_rib,spar_joint,balsa_sheet_3mm,screening_baseline_not_final_signoff,true,Candidate local reinforcement station for hybrid rib stiffness sweep.
R024,-10.215579,materialized_spacing_rib,,balsa_sheet_3mm,screening_baseline_not_final_signoff,false,Materialized spacing rib; still not shape/bond signoff.
R025,-9.922032,materialized_spacing_rib,,balsa_sheet_3mm,screening_baseline_not_final_signoff,false,Materialized spacing rib; still not shape/bond signoff.
R026,-9.628484,materialized_spacing_rib,,balsa_sheet_3mm,screening_baseline_not_final_signoff,false,Materialized spacing rib; still not shape/bond signoff.
R027,-9.334937,materialized_spacing_rib,,balsa_sheet_3mm,screening_baseline_not_final_signoff,false,Materialized spacing rib; still not shape/bond signoff.
R028,-9.04139,materialized_spacing_rib,,balsa_sheet_3mm,screening_baseline_not_final_signoff,false,Materialized spacing rib; still not shape/bond signoff.
R029,-8.747843,materialized_spacing_rib,,balsa_sheet_3mm,screening_baseline_not_final_signoff,false,Materialized spacing rib; still not shape/bond signoff.
R030,-8.454296,materialized_spacing_rib,,balsa_sheet_3mm,screening_baseline_not_final_signoff,false,Materialized spacing rib; still not shape/bond signoff.
R031,-8.160749,materialized_spacing_rib,,balsa_sheet_3mm,screening_baseline_not_final_signoff,false,Materialized spacing rib; still not shape/bond signoff.
R032,-7.867201,materialized_spacing_rib,,balsa_sheet_3mm,screening_baseline_not_final_signoff,false,Materialized spacing rib; still not shape/bond signoff.
R033,-7.573654,mandatory_contract_rib,wire_attach;spar_joint,balsa_sheet_3mm,screening_baseline_not_final_signoff,true,Candidate local reinforcement station for hybrid rib stiffness sweep.
R034,-7.564741,mandatory_contract_rib,wire_attach,balsa_sheet_3mm,screening_baseline_not_final_signoff,true,Candidate local reinforcement station for hybrid rib stiffness sweep.
R035,-7.273882,materialized_spacing_rib,,balsa_sheet_3mm,screening_baseline_not_final_signoff,false,Materialized spacing rib; still not shape/bond signoff.
R036,-6.983023,materialized_spacing_rib,,balsa_sheet_3mm,screening_baseline_not_final_signoff,false,Materialized spacing rib; still not shape/bond signoff.
R037,-6.692164,materialized_spacing_rib,,balsa_sheet_3mm,screening_baseline_not_final_signoff,false,Materialized spacing rib; still not shape/bond signoff.
R038,-6.401305,materialized_spacing_rib,,balsa_sheet_3mm,screening_baseline_not_final_signoff,false,Materialized spacing rib; still not shape/bond signoff.
R039,-6.110446,materialized_spacing_rib,,balsa_sheet_3mm,screening_baseline_not_final_signoff,false,Materialized spacing rib; still not shape/bond signoff.
R040,-5.819587,materialized_spacing_rib,,balsa_sheet_3mm,screening_baseline_not_final_signoff,false,Materialized spacing rib; still not shape/bond signoff.
R041,-5.528728,materialized_spacing_rib,,balsa_sheet_3mm,screening_baseline_not_final_signoff,false,Materialized spacing rib; still not shape/bond signoff.
R042,-5.237869,materialized_spacing_rib,,balsa_sheet_3mm,screening_baseline_not_final_signoff,false,Materialized spacing rib; still not shape/bond signoff.
R043,-4.94701,materialized_spacing_rib,,balsa_sheet_3mm,screening_baseline_not_final_signoff,false,Materialized spacing rib; still not shape/bond signoff.
R044,-4.656151,materialized_spacing_rib,,balsa_sheet_3mm,screening_baseline_not_final_signoff,false,Materialized spacing rib; still not shape/bond signoff.
R045,-4.365292,mandatory_contract_rib,spar_joint,balsa_sheet_3mm,screening_baseline_not_final_signoff,true,Candidate local reinforcement station for hybrid rib stiffness sweep.
R046,-4.074244,materialized_spacing_rib,,balsa_sheet_3mm,screening_baseline_not_final_signoff,false,Materialized spacing rib; still not shape/bond signoff.
R047,-3.783196,materialized_spacing_rib,,balsa_sheet_3mm,screening_baseline_not_final_signoff,false,Materialized spacing rib; still not shape/bond signoff.
R048,-3.492148,materialized_spacing_rib,,balsa_sheet_3mm,screening_baseline_not_final_signoff,false,Materialized spacing rib; still not shape/bond signoff.
R049,-3.201099,materialized_spacing_rib,,balsa_sheet_3mm,screening_baseline_not_final_signoff,false,Materialized spacing rib; still not shape/bond signoff.
R050,-2.910051,materialized_spacing_rib,,balsa_sheet_3mm,screening_baseline_not_final_signoff,false,Materialized spacing rib; still not shape/bond signoff.
R051,-2.619003,torque_critical_reinforcement_candidate,,balsa_sheet_3mm,screening_baseline_not_final_signoff,true,Candidate local reinforcement station for hybrid rib stiffness sweep.
R052,-2.327955,torque_critical_reinforcement_candidate,,balsa_sheet_3mm,screening_baseline_not_final_signoff,true,Candidate local reinforcement station for hybrid rib stiffness sweep.
R053,-2.036907,torque_critical_reinforcement_candidate,,balsa_sheet_3mm,screening_baseline_not_final_signoff,true,Candidate local reinforcement station for hybrid rib stiffness sweep.
R054,-1.745859,materialized_spacing_rib,,balsa_sheet_3mm,screening_baseline_not_final_signoff,false,Materialized spacing rib; still not shape/bond signoff.
R055,-1.454811,mandatory_contract_rib,spar_joint,balsa_sheet_3mm,screening_baseline_not_final_signoff,true,Candidate local reinforcement station for hybrid rib stiffness sweep.
R056,-1.163849,materialized_spacing_rib,,balsa_sheet_3mm,screening_baseline_not_final_signoff,false,Materialized spacing rib; still not shape/bond signoff.
R057,-0.872886,materialized_spacing_rib,,balsa_sheet_3mm,screening_baseline_not_final_signoff,false,Materialized spacing rib; still not shape/bond signoff.
R058,-0.581924,materialized_spacing_rib,,balsa_sheet_3mm,screening_baseline_not_final_signoff,false,Materialized spacing rib; still not shape/bond signoff.
R059,-0.290962,materialized_spacing_rib,,balsa_sheet_3mm,screening_baseline_not_final_signoff,false,Materialized spacing rib; still not shape/bond signoff.
R060,0.0,mandatory_contract_rib,root,balsa_sheet_3mm,screening_baseline_not_final_signoff,true,Candidate local reinforcement station for hybrid rib stiffness sweep.
R061,0.290962,materialized_spacing_rib,,balsa_sheet_3mm,screening_baseline_not_final_signoff,false,Materialized spacing rib; still not shape/bond signoff.
R062,0.581924,materialized_spacing_rib,,balsa_sheet_3mm,screening_baseline_not_final_signoff,false,Materialized spacing rib; still not shape/bond signoff.
R063,0.872886,materialized_spacing_rib,,balsa_sheet_3mm,screening_baseline_not_final_signoff,false,Materialized spacing rib; still not shape/bond signoff.
R064,1.163849,materialized_spacing_rib,,balsa_sheet_3mm,screening_baseline_not_final_signoff,false,Materialized spacing rib; still not shape/bond signoff.
R065,1.454811,mandatory_contract_rib,spar_joint,balsa_sheet_3mm,screening_baseline_not_final_signoff,true,Candidate local reinforcement station for hybrid rib stiffness sweep.
R066,1.745859,materialized_spacing_rib,,balsa_sheet_3mm,screening_baseline_not_final_signoff,false,Materialized spacing rib; still not shape/bond signoff.
R067,2.036907,torque_critical_reinforcement_candidate,,balsa_sheet_3mm,screening_baseline_not_final_signoff,true,Candidate local reinforcement station for hybrid rib stiffness sweep.
R068,2.327955,torque_critical_reinforcement_candidate,,balsa_sheet_3mm,screening_baseline_not_final_signoff,true,Candidate local reinforcement station for hybrid rib stiffness sweep.
R069,2.619003,torque_critical_reinforcement_candidate,,balsa_sheet_3mm,screening_baseline_not_final_signoff,true,Candidate local reinforcement station for hybrid rib stiffness sweep.
R070,2.910051,materialized_spacing_rib,,balsa_sheet_3mm,screening_baseline_not_final_signoff,false,Materialized spacing rib; still not shape/bond signoff.
R071,3.201099,materialized_spacing_rib,,balsa_sheet_3mm,screening_baseline_not_final_signoff,false,Materialized spacing rib; still not shape/bond signoff.
R072,3.492148,materialized_spacing_rib,,balsa_sheet_3mm,screening_baseline_not_final_signoff,false,Materialized spacing rib; still not shape/bond signoff.
R073,3.783196,materialized_spacing_rib,,balsa_sheet_3mm,screening_baseline_not_final_signoff,false,Materialized spacing rib; still not shape/bond signoff.
R074,4.074244,materialized_spacing_rib,,balsa_sheet_3mm,screening_baseline_not_final_signoff,false,Materialized spacing rib; still not shape/bond signoff.
R075,4.365292,mandatory_contract_rib,spar_joint,balsa_sheet_3mm,screening_baseline_not_final_signoff,true,Candidate local reinforcement station for hybrid rib stiffness sweep.
R076,4.656151,materialized_spacing_rib,,balsa_sheet_3mm,screening_baseline_not_final_signoff,false,Materialized spacing rib; still not shape/bond signoff.
R077,4.94701,materialized_spacing_rib,,balsa_sheet_3mm,screening_baseline_not_final_signoff,false,Materialized spacing rib; still not shape/bond signoff.
R078,5.237869,materialized_spacing_rib,,balsa_sheet_3mm,screening_baseline_not_final_signoff,false,Materialized spacing rib; still not shape/bond signoff.
R079,5.528728,materialized_spacing_rib,,balsa_sheet_3mm,screening_baseline_not_final_signoff,false,Materialized spacing rib; still not shape/bond signoff.
R080,5.819587,materialized_spacing_rib,,balsa_sheet_3mm,screening_baseline_not_final_signoff,false,Materialized spacing rib; still not shape/bond signoff.
R081,6.110446,materialized_spacing_rib,,balsa_sheet_3mm,screening_baseline_not_final_signoff,false,Materialized spacing rib; still not shape/bond signoff.
R082,6.401305,materialized_spacing_rib,,balsa_sheet_3mm,screening_baseline_not_final_signoff,false,Materialized spacing rib; still not shape/bond signoff.
R083,6.692164,materialized_spacing_rib,,balsa_sheet_3mm,screening_baseline_not_final_signoff,false,Materialized spacing rib; still not shape/bond signoff.
R084,6.983023,materialized_spacing_rib,,balsa_sheet_3mm,screening_baseline_not_final_signoff,false,Materialized spacing rib; still not shape/bond signoff.
R085,7.273882,materialized_spacing_rib,,balsa_sheet_3mm,screening_baseline_not_final_signoff,false,Materialized spacing rib; still not shape/bond signoff.
R086,7.564741,mandatory_contract_rib,wire_attach,balsa_sheet_3mm,screening_baseline_not_final_signoff,true,Candidate local reinforcement station for hybrid rib stiffness sweep.
R087,7.573654,mandatory_contract_rib,wire_attach;spar_joint,balsa_sheet_3mm,screening_baseline_not_final_signoff,true,Candidate local reinforcement station for hybrid rib stiffness sweep.
R088,7.867201,materialized_spacing_rib,,balsa_sheet_3mm,screening_baseline_not_final_signoff,false,Materialized spacing rib; still not shape/bond signoff.
R089,8.160749,materialized_spacing_rib,,balsa_sheet_3mm,screening_baseline_not_final_signoff,false,Materialized spacing rib; still not shape/bond signoff.
R090,8.454296,materialized_spacing_rib,,balsa_sheet_3mm,screening_baseline_not_final_signoff,false,Materialized spacing rib; still not shape/bond signoff.
R091,8.747843,materialized_spacing_rib,,balsa_sheet_3mm,screening_baseline_not_final_signoff,false,Materialized spacing rib; still not shape/bond signoff.
R092,9.04139,materialized_spacing_rib,,balsa_sheet_3mm,screening_baseline_not_final_signoff,false,Materialized spacing rib; still not shape/bond signoff.
R093,9.334937,materialized_spacing_rib,,balsa_sheet_3mm,screening_baseline_not_final_signoff,false,Materialized spacing rib; still not shape/bond signoff.
R094,9.628484,materialized_spacing_rib,,balsa_sheet_3mm,screening_baseline_not_final_signoff,false,Materialized spacing rib; still not shape/bond signoff.
R095,9.922032,materialized_spacing_rib,,balsa_sheet_3mm,screening_baseline_not_final_signoff,false,Materialized spacing rib; still not shape/bond signoff.
R096,10.215579,materialized_spacing_rib,,balsa_sheet_3mm,screening_baseline_not_final_signoff,false,Materialized spacing rib; still not shape/bond signoff.
R097,10.509126,mandatory_contract_rib,spar_joint,balsa_sheet_3mm,screening_baseline_not_final_signoff,true,Candidate local reinforcement station for hybrid rib stiffness sweep.
R098,10.804436,materialized_spacing_rib,,balsa_sheet_3mm,screening_baseline_not_final_signoff,false,Materialized spacing rib; still not shape/bond signoff.
R099,11.099746,materialized_spacing_rib,,balsa_sheet_3mm,screening_baseline_not_final_signoff,false,Materialized spacing rib; still not shape/bond signoff.
R100,11.395056,materialized_spacing_rib,,balsa_sheet_3mm,screening_baseline_not_final_signoff,false,Materialized spacing rib; still not shape/bond signoff.
R101,11.690367,materialized_spacing_rib,,balsa_sheet_3mm,screening_baseline_not_final_signoff,false,Materialized spacing rib; still not shape/bond signoff.
R102,11.985677,materialized_spacing_rib,,balsa_sheet_3mm,screening_baseline_not_final_signoff,false,Materialized spacing rib; still not shape/bond signoff.
R103,12.280987,materialized_spacing_rib,,balsa_sheet_3mm,screening_baseline_not_final_signoff,false,Materialized spacing rib; still not shape/bond signoff.
R104,12.576297,materialized_spacing_rib,,balsa_sheet_3mm,screening_baseline_not_final_signoff,false,Materialized spacing rib; still not shape/bond signoff.
R105,12.871607,materialized_spacing_rib,,balsa_sheet_3mm,screening_baseline_not_final_signoff,false,Materialized spacing rib; still not shape/bond signoff.
R106,13.166917,materialized_spacing_rib,,balsa_sheet_3mm,screening_baseline_not_final_signoff,false,Materialized spacing rib; still not shape/bond signoff.
R107,13.462227,mandatory_contract_rib,spar_joint,balsa_sheet_3mm,screening_baseline_not_final_signoff,true,Candidate local reinforcement station for hybrid rib stiffness sweep.
R108,13.75929,materialized_spacing_rib,,balsa_sheet_3mm,screening_baseline_not_final_signoff,false,Materialized spacing rib; still not shape/bond signoff.
R109,14.056352,materialized_spacing_rib,,balsa_sheet_3mm,screening_baseline_not_final_signoff,false,Materialized spacing rib; still not shape/bond signoff.
R110,14.353415,materialized_spacing_rib,,balsa_sheet_3mm,screening_baseline_not_final_signoff,false,Materialized spacing rib; still not shape/bond signoff.
R111,14.650478,materialized_spacing_rib,,balsa_sheet_3mm,screening_baseline_not_final_signoff,false,Materialized spacing rib; still not shape/bond signoff.
R112,14.94754,materialized_spacing_rib,,balsa_sheet_3mm,screening_baseline_not_final_signoff,false,Materialized spacing rib; still not shape/bond signoff.
R113,15.244603,materialized_spacing_rib,,balsa_sheet_3mm,screening_baseline_not_final_signoff,false,Materialized spacing rib; still not shape/bond signoff.
R114,15.541665,materialized_spacing_rib,,balsa_sheet_3mm,screening_baseline_not_final_signoff,false,Materialized spacing rib; still not shape/bond signoff.
R115,15.838728,materialized_spacing_rib,,balsa_sheet_3mm,screening_baseline_not_final_signoff,false,Materialized spacing rib; still not shape/bond signoff.
R116,16.13579,materialized_spacing_rib,,balsa_sheet_3mm,screening_baseline_not_final_signoff,false,Materialized spacing rib; still not shape/bond signoff.
R117,16.432853,materialized_spacing_rib,,balsa_sheet_3mm,screening_baseline_not_final_signoff,false,Materialized spacing rib; still not shape/bond signoff.
R118,16.729916,materialized_spacing_rib,,balsa_sheet_3mm,screening_baseline_not_final_signoff,false,Materialized spacing rib; still not shape/bond signoff.
R119,17.026978,materialized_spacing_rib,,balsa_sheet_3mm,screening_baseline_not_final_signoff,false,Materialized spacing rib; still not shape/bond signoff.
R120,17.324041,mandatory_contract_rib,tip_boundary,balsa_sheet_3mm,screening_baseline_not_final_signoff,true,Candidate local reinforcement station for hybrid rib stiffness sweep.
