conflict_id,category,risk_level,blocking_status,wo006_unblock_classification,summary,affected_files,conflicting_values,authority_read,required_repair
C-001,mass / CG / rebalance,blocking,blocks_release_claims_power_cg_and_procurement_truth,blocks_release_procurement_only,"98.5 kg is current design mass authority; 106.828608 kg is a suspect P1 screening aggregate and cannot drive current design mass, mission, CG, or RFQ truth.",CURRENT_MAINLINE.md:14; CURRENT_MAINLINE.md:15; CURRENT_MAINLINE.md:175; CURRENT_MAINLINE.md:194; CURRENT_MAINLINE.md:299,98.5 kg vs 106.828608 kg,Use 98.5 kg for design gross mass unless user changes it; quarantine 106.828608 kg as screening aggregate.,"Mass-basis reconciliation and measured/component ledger before any release, mission, CG, or procurement claim uses the aggregate."
C-002,span / half-span / station / rib spacing,blocking,blocks_rfq_shop_and_station_control,blocks_release_procurement_only,Current pipeline evidence is 34.332286 m full span / 17.166143 m half-span; 16.5 m is local structural/splice screening only.,CURRENT_MAINLINE.md:119; CURRENT_MAINLINE.md:318; CURRENT_MAINLINE.md:319; CURRENT_MAINLINE.md:321; CURRENT_MAINLINE.md:360,34.332286 m / 17.166143 m vs 16.5 m,Pipeline span evidence may be cited; 16.5 m must not be RFQ/shop/procurement truth.,"Reconcile pipeline geometry, station manifest, splice local basis, and vendor-screening convention before RFQ restoration."
C-003,spar / splice / RFQ / procurement,blocking,wo005_draft_only,blocks_release_procurement_only,"WO-005 RFQ artifacts were built from screening/local span and generated outputs. They are vendor-screening only, not purchase-ready.",CURRENT_MAINLINE.md:17; CURRENT_MAINLINE.md:18; CURRENT_MAINLINE.md:320; CURRENT_MAINLINE.md:366; CURRENT_MAINLINE.md:437,carbon_tube_rfq_pack_ready vs draft/vendor-screening only,RFQ may ask capability questions only after wording repair; it cannot authorize purchase or drawing release.,"Use authority table, conflict register, and station/span reconciliation before procurement use."
C-004,drag / power / mission margin,high,blocks_full_pipeline_mission_verdict,blocks_release_procurement_only,"WO-003 -9 W is only Stage-0 quick-screen warning, not latest full-pipeline mission truth.",CURRENT_MAINLINE.md:3; CURRENT_MAINLINE.md:5; CURRENT_MAINLINE.md:109; CURRENT_MAINLINE.md:111; CURRENT_MAINLINE.md:218,-9 W quick-screen warning vs current full-pipeline verdict missing,Use as a watch item only. WO-006 may proceed only as bounded aero calibration; it cannot be mission/release truth.,Rebuild mission/power authority from the repaired mass/span basis before release claims.
C-005,structure margin / C04 / coupon FEM,high,blocks_final_structure_signoff,blocks_release_procurement_only,"P1/C04 evidence is coupon/local FEM readiness. It is not adhesive, laminate, buckling, hardware, or aircraft sign-off.",AGENTS.md:50; CURRENT_MAINLINE.md:22; CURRENT_MAINLINE.md:41; CURRENT_MAINLINE.md:60; CURRENT_MAINLINE.md:102,"-0.893 original peel fail, 0.8876 installed-fix surrogate margin",Installed fix may proceed to coupon/local FEM only.,"Coupon/local FEM, supplier allowables, tube-wall/collar/skin-sag evidence, and load-path review."
C-006,tail / trim / stability / control,high,screening_only,blocks_release_procurement_only,"Tail/CG/trim/stability claims remain screening assumptions, not measured CG, tail hardware, actuator, or flight-dynamics sign-off.",CURRENT_MAINLINE.md:39; CURRENT_MAINLINE.md:112; CURRENT_MAINLINE.md:114; CURRENT_MAINLINE.md:163; CURRENT_MAINLINE.md:164,managed CG row vs missing measured mass/CG/tail hardware authority,Keep tail screening separate from aircraft-level sign-off.,"Measured mass/CG manifest, tailboom/pivot/actuator evidence, and control derivative validation."
C-007,propulsion lane contamination,blocking,blocks_structural_verdict_language,blocks_release_procurement_only,QPROP/XROTOR must not pass or fail C04/rib/structural blockers.,CURRENT_MAINLINE.md:21; CURRENT_MAINLINE.md:552; CURRENT_MAINLINE.md:580; CURRENT_MAINLINE.md:767; CURRENT_MAINLINE.md:783,propulsion sizing lane vs structural blocker verdict lane,Propulsion is independent until WO-007 and cannot repair structure evidence.,Keep all structural verdicts free of propulsion pass/fail language.
C-008,verdict / sign-off overclaim,blocking,blocks_baseline_A_release_claims,blocks_release_procurement_only,"Release, ready, pass, RFQ, and FEM-readiness verdicts were too easy to read as current truth or final aircraft sign-off.",AGENTS.md:21; CURRENT_MAINLINE.md:6; CURRENT_MAINLINE.md:7; CURRENT_MAINLINE.md:8; CURRENT_MAINLINE.md:9,ready/release wording vs screening/readiness trust boundary,All readiness language must state allowed and disallowed use.,Use checker and authority table before adding release/work-order wording.
C-009,tests that preserve stale constants,high,repair_needed,blocks_release_procurement_only,Some tests asserted stale constants as expected truth instead of checking authority classification.,docs/Manual/su2_wiki_minimal/_docs_v7/Cygwin-Build-for-Windows.md:163; docs/Manual/su2_wiki_minimal/_docs_v7/Running-Unit-Tests.md:33; docs/Manual/su2_wiki_minimal/_docs_v7/Writing-Unit-Tests.md:129; docs/birdman_outer_chord_bump_stage1_integration_report.md:10; docs/birdman_outer_loading_authority_sweep_report.md:5,"pytest approx(106.828608), 16.5 RFQ control fixtures",Old constants may stay only as legacy/screening fixtures with explicit classification.,Update tests to assert authority wording and safe classes.
C-010,scripts that read old generated outputs as truth,high,repair_needed,blocks_release_procurement_only,Release/RFQ scripts read generated P1/splice/manufacturing outputs as if they were release authority.,docs/GRAND_BLUEPRINT.md:511; docs/GRAND_BLUEPRINT.md:579; docs/GRAND_BLUEPRINT.md:810; docs/TARGET_STANDARD_PROGRAM_PLAN.md:180; docs/TARGET_STANDARD_PROGRAM_PLAN.md:288,generated outputs vs authority table,Generated outputs are evidence unless explicitly authorized in the authority table.,Scripts must emit authority metadata and avoid promotion wording.
