component,station_index,y_m,main_x_m,rear_x_m,quarter_chord_x_m,elastic_axis_x_m,aero_chord_m,spar_separation_m,spar_sep_over_chord,spar_pair_delta_z_change_m,direct_spar_pair_rotation_deg,elastic_axis_quarter_chord_projection_deg,conservative_bounded_physical_projection_deg,bounded_projection_lever_m
lift_only,0.0,8.5772817995e-23,0.314193274,0.8797411672,0.314193274,0.5969672206,1.256773096,0.5655478932,0.44999999999999996,0.0,0.0,0.0,0.0,0.9425798220000001
lift_only,1.0,0.290948540252,0.311963155925,0.873316239485,0.3119367227778949,0.592639697705,1.2477468911115797,0.56135308356,0.4498933938916952,-0.005458070073010024,-0.5570727843451824,-0.557072784345182,-0.3341712284052526,0.9358101683336848
lift_only,2.0,0.581902532716,0.309719207393,0.866961348417,0.30968012926928906,0.588340277905,1.2387205170771562,0.557242141024,0.44985300020609176,-0.02038429834900119,-2.0949846394979965,-2.0949846394979974,-1.2569387850531473,0.9290403878078672
lift_only,3.0,0.872862908094,0.307470440947,0.860651993184,0.30742348625580385,0.5840612170655,1.2296939450232154,0.553181552237,0.44985303414383854,-0.03784139125116957,-3.9133255870617254,-3.9133255870617254,-2.349567319824633,0.9222704587674115
lift_only,4.0,1.16383133279,0.305260658532,0.854332076605,0.30516678081307136,0.5797963675685001,1.2206671232522854,0.549071418073,0.4498125718419294,-0.04891915077352477,-5.0912863493849105,-5.091286349384911,-3.058652963029584,0.9155003424392141
lift_only,5.0,1.45481063444,0.303225261201,0.848091069453,0.30290999101039046,0.575658165327,1.2116399640415618,0.5448658082519999,0.44969283320313946,-0.04861487086321668,-5.098632608623832,-5.098632608623833,-3.0622674145431077,0.9087299730311713
lift_only,6.0,1.74578902893,0.300941397932,0.842163766961,0.30065320824350017,0.5715525824465,1.2026128329740007,0.5412223690290001,0.4500387441322945,-0.039932188120480605,-4.219721594645553,-4.219721594645554,-2.534983487832758,0.9019596247305005
lift_only,7.0,2.0367700018,0.2984065012,0.835863633269,0.29839640547909924,0.5671350672345,1.193585621916397,0.537457132069,0.45028787394914305,-0.030621629790835936,-3.2609026574566697,-3.2609026574566697,-1.9591459334056016,0.8951892164372977
lift_only,8.0,2.32775736816,0.296106223559,0.829490938132,0.2961395531277931,0.5627985808455,1.1845582125111724,0.533384714573,0.4502815555533276,-0.025703261393862475,-2.7588905255504113,-2.7588905255504126,-1.6571890891662615,0.8884186593833794
lift_only,9.0,2.61875121593,0.29398887625,0.823224722018,0.2938826505076881,0.558606799134,1.1755306020307523,0.529235845768,0.45021018155863796,-0.026063646548101338,-2.819407321980801,-2.8194073219808025,-1.693308699946071,0.8816479515230642
lift_only,10.0,2.90977439632,0.291586794446,0.816716195956,0.29158734249630414,0.554151495201,1.1663493699852165,0.52512940151,0.4502333649107694,-0.028886836094147994,-3.1486094280008814,-3.1486094280008827,-1.8913630383198936,0.8747620274889124
lift_only,11.0,3.20083072452,0.289138012941,0.810167820359,0.2892618639708556,0.54965291665,1.1570474558834225,0.521029807418,0.4503097991086167,-0.03082462694917748,-3.38572733098304,-3.38572733098304,-2.0343490497879566,0.8677855919125669
lift_only,12.0,3.491906324,0.28691322916,0.803701821584,0.28693623147195435,0.545307525372,1.1477449258878174,0.5167885924240001,0.4502643233419199,-0.029393665436846572,-3.255335794995998,-3.255335794995995,-1.955694549344542,0.860808694415863
lift_only,13.0,3.78300405653,0.284655144971,0.797165221152,0.2846104221346631,0.5409101830615,1.1384416885386524,0.512510076181,0.4501856189392341,-0.02298037683298776,-2.5673588152810125,-2.5673588152810125,-1.5417107174539326,0.8538312664039893
lift_only,14.0,4.0741298017,0.282388382794,0.790686976603,0.28228438898230085,0.5365376796985,1.1291375559292034,0.508298593809,0.4501653418043516,-0.011945360770370034,-1.3462417752754368,-1.34624177527544,-0.8081369907471339,0.8468531669469026
lift_only,15.0,4.36529189886,0.280349954847,0.784599386309,0.2799580653852242,0.5324746705779999,1.1198322615408969,0.504249431462,0.4502901450331046,0.0012456335114987838,0.14153590149033307,0.14153590149033624,0.08497640602191187,0.8398741961556726
lift_only,16.0,4.65648016535,0.278000606282,0.778217070347,0.2776315327007338,0.5281088383145001,1.1105261308029353,0.500216464065,0.4504319621037033,0.012605550392006448,1.4435590567294843,1.443559056729478,0.8670841425197892,0.8328945981022015
lift_only,17.0,4.94770812303,0.27529879713,0.771321389535,0.27530468289202703,0.5233100933325,1.1012187315681081,0.49602259240499996,0.4504305803976619,0.0190016858896479,2.1938200446069014,2.1938200446069014,1.3179632630907383,0.8259140486760811
lift_only,18.0,5.23898595383,0.272889925477,0.764885333694,0.2729774346076359,0.5188876295855,1.0919097384305436,0.49199540821700005,0.4505824894685614,0.02021482250001816,2.3528124263829944,2.352812426382991,1.4140226869188695,0.8189323038229077
lift_only,19.0,5.53031848161,0.270655808738,0.758398374988,0.27064974930593894,0.514527091863,1.0825989972237557,0.48774256625,0.4505292980141118,0.017536363527088095,2.0591333875050135,2.0591333875050104,1.2372736783599831,0.8119492479178168
lift_only,20.0,5.82171142956,0.26849822299,0.751924896027,0.2683215812598581,0.5102115595085,1.0732863250394324,0.483426673037,0.4504172481832739,0.01264670315910893,1.4985467792604161,1.4985467792604192,0.9000929691545142,0.8049647437795744
lift_only,21.0,6.11325074211,0.266064466757,0.745268937057,0.26595900484389223,0.505666701907,1.063836019375569,0.4792044703,0.4504495632524971,0.0074710089842178196,0.8931941031856265,0.8931941031856233,0.5364796404407156,0.7978770145316767
lift_only,22.0,6.40504686313,0.263224240172,0.73829789185,0.2635353326804164,0.500761066011,1.0541413307216656,0.47507365167800003,0.4506735841130187,0.003333973274168456,0.40208388975277326,0.40208388975277326,0.24161398444858348,0.7906059980412492
lift_only,23.0,6.69697177766,0.261000407125,0.731668398766,0.26111059075205156,0.4963344029455,1.0444423630082063,0.470667991641,0.45064046453016376,0.0004210426572680004,0.05125472997919039,0.05125472997919039,0.030796612352055663,0.7833317722561547
lift_only,24.0,6.98903624622,0.258727400864,0.72483838505,0.25868468968141767,0.49178289295699995,1.0347387587256707,0.466110984186,0.45046247688647284,-0.0008969686080334827,-0.11025797267406595,-0.11025797267406595,-0.06622282487925946,0.776054069044253
lift_only,25.0,7.28125697322,0.256331898585,0.718085521227,0.2562574907209078,0.48720870990599996,1.0250299628836312,0.461753622642,0.45047817074828433,-0.0005254526247237545,-0.06519971530128724,-0.06519971530128406,-0.039161408781775764,0.7687724721627234
lift_only,26.0,7.57365424442,0.25404955812,0.711909349892,0.25382882537605506,0.48297945400600006,1.0153153015042202,0.45785979177200004,0.4509533059273971,0.0010038644339895875,0.1256216513018175,0.12562165130182068,0.07553274254270742,0.7614864761281652
lift_only,27.0,7.86621751827,0.251646045689,0.704217469948,0.25139878120546444,0.47793175781850006,1.0055951248218578,0.45257142425900004,0.45005331975846,0.002634984965804832,0.33358670837779053,0.333586708377781,0.20017718810568194,0.7541963436163933
lift_only,28.0,8.15895381586,0.249019013834,0.696572795137,0.24896729989163566,0.4727959044855,0.9958691995665426,0.447553781303,0.44941020517333014,0.0036611290038350286,0.46868682623544416,0.4686868262354346,0.28084753867846995,0.7469018996749069
lift_only,29.0,8.4518473304,0.246565517412,0.690097203495,0.24653451272650218,0.4683313604535,0.9861380509060087,0.44353168608300003,0.44976632397006466,0.0036632712038529858,0.4732135568368231,0.4732135568368199,0.2837848279709261,0.7396035381795065
lift_only,30.0,8.7448801413,0.244320548839,0.683384059615,0.24410056855931866,0.463852304227,0.9764022742372747,0.43906351077600003,0.4496748137123896,0.0026991994803694797,0.35222874654002373,0.3522287465400205,0.21118623202401635,0.7323017056779559
lift_only,31.0,9.03824331793,0.241810257528,0.676368386581,0.2416136717292517,0.4590893220545,0.9664546869170068,0.43455812905299995,0.44964149373546075,0.0014052323081671647,0.1852769387385467,0.1852769387385467,0.1110778473306896,0.7248410151877551
lift_only,32.0,9.33218947817,0.238703967553,0.668911298281,0.23904019019901987,0.453807632917,0.9561607607960795,0.43020733072800005,0.4499320076362665,0.0002810693179927659,0.03743330768686616,0.03743330768685662,0.022456593085276436,0.7171205705970596
lift_only,33.0,9.62626640464,0.236361317427,0.66192161111,0.23646556381805273,0.4491414642685,0.9458622552722109,0.425560293683,0.4499178303298798,-0.0007066974286355499,-0.09514690029681117,-0.09514690029681434,-0.05707774951157784,0.7093966914541582
lift_only,34.0,9.92045559687,0.233944030002,0.654655293506,0.2338899545568888,0.44429966175400004,0.9355598182275552,0.420711263504,0.44968932537210665,-0.0012822727741108597,-0.17462948349454321,-0.17462948349454321,-0.10470556049148373,0.7016698636706664
lift_only,35.0,10.2147453808,0.231268035094,0.647378488049,0.23131346462124405,0.43932326157150003,0.9252538584849762,0.416110452955,0.4497257148825568,-0.0012351157341286,-0.17006713108231825,-0.17006713108231186,-0.10197827461011988,0.6939403938637322
lift_only,36.0,10.5091260236,0.228247818014,0.639961941241,0.22873617922147893,0.4341048796275,0.9149447168859157,0.4117141232270001,0.44998797810243724,-0.0007383607867553488,-0.10275312188353246,-0.1027531218835261,-0.06165026838119449,0.6862085376644368
lift_only,37.0,10.8036453866,0.225822650033,0.631925389779,0.22615767933443395,0.42887401990600005,0.9046307173377358,0.40610273974600003,0.4489154877927776,-0.0001471580127757055,-0.02076206796783942,-0.020762067967845778,-0.012427218841556903,0.6784730380033018
lift_only,38.0,11.0983166214,0.223782480708,0.624677057848,0.2235778498186163,0.424229769278,0.8943113992744652,0.40089457714,0.4482717960044306,0.00024456423711682884,0.03495307162375972,0.034953071623766076,0.02089130325598806,0.670733549455849
lift_only,39.0,11.3931052182,0.221228536683,0.617565122626,0.22099699280531718,0.41939682965450004,0.8839879712212687,0.39633658594300003,0.4483506550382619,0.0003583746849851188,0.05180786247384191,0.05180786247384191,0.03097079085930265,0.6629909784159516
lift_only,40.0,11.6879904018,0.218588860303,0.610336986941,0.21841529018020372,0.414462923622,0.8736611607208149,0.391748126638,0.4483982397875944,0.0003167381145142145,0.04632505424817146,0.0463250542481651,0.027696100921826283,0.6552458705406112
lift_only,41.0,11.9829528247,0.216218616889,0.603256040888,0.21583291132951282,0.4097373288885,0.8633316453180513,0.387037423999,0.4483067730668154,0.00025621433559930296,0.037929143348752734,0.03792914334874637,0.022671857941676195,0.6474987339885385
lift_only,42.0,12.2785247168,0.213032255191,0.595282106163,0.2130834011237983,0.404157180677,0.8523336044951932,0.38224985097200004,0.44847445760207116,0.0002614539453553999,0.039189564709344316,0.039189564709344316,0.02343402738332801,0.6392502033713949
lift_only,43.0,12.5743928982,0.210218047915,0.587554258096,0.21031053854080786,0.3988861530055,0.8412421541632314,0.37733621018100005,0.4485464836891461,0.00026297385832907416,0.03993067550528084,0.03993067550528084,0.023881021269071902,0.6309316156224236
lift_only,44.0,12.8703070195,0.207606433078,0.579838481201,0.2075372454112504,0.3937224571395,0.8301489816450016,0.37223204812300004,0.44839186260928093,0.00021563045477962506,0.033190891739899364,0.03319089173990573,0.019843369118173314,0.6226117362337512
lift_only,45.0,13.1662557972,0.204554776466,0.571794852781,0.2047636274835536,0.3881748146235,0.8190545099342144,0.36724007631499994,0.4483707395060877,0.00018769022622172615,0.029282906674956095,0.029282906674956095,0.01750613234046176,0.6142908824506608
lift_only,46.0,13.4622273057,0.200147394995,0.562111083304,0.20198979652387575,0.3811292391495,0.807959186095503,0.36196368830899994,0.44799749113343806,0.00020571501411342785,0.03256293712005128,0.03256293712005764,0.019450820191948336,0.6059693895716273
lift_only,47.0,13.7583403946,0.19777474858,0.555884959174,0.19921463867939473,0.376829853877,0.7968585547175789,0.35811021059400006,0.4494024798678616,0.00023992799367728024,0.03838723097300042,0.03838723097300042,0.023001757931986933,0.5976439160381842
lift_only,48.0,14.0545570527,0.196990868225,0.550439497713,0.19643851018927663,0.373715182969,0.7857540407571065,0.35344862948800004,0.44982095051962784,0.0002528148534258201,0.04098253726479286,0.04098253726479286,0.024579741173538335,0.5893155305678299
lift_only,49.0,14.3511767159,0.193587334681,0.54122008069,0.19345554079745364,0.3674037076855,0.7738221631898146,0.34763274600900007,0.4492411338750032,0.00032391768081740935,0.05338711862579575,0.053387118625802116,0.031978258875255086,0.5803666223923609
lift_only,50.0,14.6480711625,0.190257139643,0.532659559882,0.19045378090494,0.3614583497625,0.76181512361976,0.34240242023899997,0.44945605518052323,0.0004157830957300379,0.0695748729006403,0.06957487290064665,0.04169447701849468,0.57136134271482
lift_only,51.0,14.9450054848,0.187449645467,0.524466950695,0.18745161784800782,0.355958298081,0.7498064713920313,0.33701730522800005,0.4494723879914245,0.00044479771796412937,0.07561931326285588,0.07561931326286224,0.045318407943342895,0.5623548535440235
lift_only,52.0,15.2419594295,0.184498558298,0.516054775115,0.18444925639823265,0.3502766667065,0.7377970255929306,0.331556216817,0.44938676264050376,0.0004635203268497923,0.0801002659522217,0.08010026595223442,0.047994685645804766,0.553347769194698
lift_only,53.0,15.538924608,0.181570402489,0.507712146757,0.18136358127556199,0.34464127462300004,0.7254543251022479,0.326141744268,0.4495689569733181,0.0004961699359311567,0.08716584680652616,0.0871658468065198,0.05224943760256097,0.544090743826686
lift_only,54.0,15.8362435476,0.177955814182,0.498192233238,0.1780808161246621,0.33807402371,0.7123232644986484,0.320236419056,0.44956613803901335,0.0005303431937513925,0.09488739289911576,0.0948873928991094,0.05687757834750558,0.5342424483739863
lift_only,55.0,16.13360749,0.174770312342,0.489003583589,0.1747975540877457,0.3318869479655,0.6991902163509828,0.31423327124699996,0.44942458275082564,0.0005829957860098989,0.10630051857276861,0.10630051857276224,0.06369880178344489,0.5243926622632371
lift_only,56.0,16.4309712047,0.171605904206,0.479878473406,0.17120641240246098,0.325742188806,0.6848256496098439,0.3082725692,0.4501475220380951,0.0006397715767387235,0.11890827220886048,0.11890827220886048,0.07136841766447909,0.5136192372073829
lift_only,57.0,16.7286424565,0.167162145917,0.467843045961,0.16717547243255454,0.317502595939,0.6687018897302182,0.30068090004400005,0.44964864712032904,0.0007569888783145462,0.1442465292123338,0.1442465292123338,0.08648045931986205,0.5015264172976637
lift_only,58.0,17.0263387775,0.163081402376,0.456255502578,0.163144192985995,0.30966845247700003,0.65257677194398,0.293174100202,0.4492561071836117,0.0009558518446277087,0.18680395862651483,0.18680395862650212,0.11189734656643878,0.489432578957985
lift_only,59.0,17.324040695,0.15912409342,0.445161002503,0.1612510225,0.3021425479615,0.64500409,0.286036909083,0.44346526404662023,0.0015819275470785321,0.2691950714077971,0.2691950714078162,0.18736304728956193,0.4837530675
aerodynamic_torque_only,0.0,8.5772817995e-23,0.314193274,0.8797411672,0.314193274,0.5969672206,1.256773096,0.5655478932,0.44999999999999996,1.071365218763276e-14,1.0399419885047743e-12,1.0394450268357956e-12,6.512414537157986e-13,0.9425798220000001
aerodynamic_torque_only,1.0,0.290948540252,0.311963155925,0.873316239485,0.3119367227778949,0.592639697705,1.2477468911115797,0.56135308356,0.4498933938916952,0.002616277260868785,0.26703435700526734,0.26703435700526695,0.16018340001809633,0.9358101683336848
aerodynamic_torque_only,2.0,0.581902532716,0.309719207393,0.866961348417,0.30968012926928906,0.588340277905,1.2387205170771562,0.557242141024,0.44985300020609176,0.006542539443138588,0.6726746713582732,0.6726746713582727,0.40348482761332827,0.9290403878078672
aerodynamic_torque_only,3.0,0.872862908094,0.307470440947,0.860651993184,0.30742348625580385,0.5840612170655,1.2296939450232154,0.553181552237,0.44985303414383854,0.010699693505247167,1.1080825891021675,1.108082589102167,0.6646854750054121,0.9222704587674115
aerodynamic_torque_only,4.0,1.16383133279,0.305260658532,0.854332076605,0.30516678081307136,0.5797963675685001,1.2206671232522854,0.549071418073,0.4498125718419294,0.01652867219709401,1.7242515669387546,1.7242515669387537,1.0343199648630563,0.9155003424392141
aerodynamic_torque_only,5.0,1.45481063444,0.303225261201,0.848091069453,0.30290999101039046,0.575658165327,1.2116399640415618,0.5448658082519999,0.44969283320313946,0.024926465564512237,2.619335201410664,2.619335201410665,1.5712293956940158,0.9087299730311713
aerodynamic_torque_only,6.0,1.74578902893,0.300941397932,0.842163766961,0.30065320824350017,0.5715525824465,1.2026128329740007,0.5412223690290001,0.4500387441322945,0.034187359496994835,3.61439679893887,3.61439679893887,2.1706672012329578,0.9019596247305005
aerodynamic_torque_only,7.0,2.0367700018,0.2984065012,0.835863633269,0.29839640547909924,0.5671350672345,1.193585621916397,0.537457132069,0.45028787394914305,0.04133318080454808,4.39767996050469,4.397679960504691,2.6436154298000325,0.8951892164372977
aerodynamic_torque_only,8.0,2.32775736816,0.296106223559,0.829490938132,0.2961395531277931,0.5627985808455,1.1845582125111724,0.533384714573,0.4502815555533276,0.0446692188155947,4.787162686050971,4.787162686050971,2.8783774900517325,0.8884186593833794
aerodynamic_torque_only,9.0,2.61875121593,0.29398887625,0.823224722018,0.2938826505076881,0.558606799134,1.1755306020307523,0.529235845768,0.45021018155863796,0.043833258668016115,4.734640691911079,4.734640691911081,2.8462545497478513,0.8816479515230642
aerodynamic_torque_only,10.0,2.90977439632,0.291586794446,0.816716195956,0.29158734249630414,0.554151495201,1.1663493699852165,0.52512940151,0.4502333649107694,0.03934877398760124,4.285254867092936,4.285254867092935,2.5755575236975745,0.8747620274889124
aerodynamic_torque_only,11.0,3.20083072452,0.289138012941,0.810167820359,0.2892618639708556,0.54965291665,1.1570474558834225,0.521029807418,0.4503097991086167,0.032494453540291984,3.5686765356698693,3.5686765356698693,2.1444532196526196,0.8677855919125669
aerodynamic_torque_only,12.0,3.491906324,0.28691322916,0.803701821584,0.28693623147195435,0.545307525372,1.1477449258878174,0.5167885924240001,0.4502643233419199,0.025076797503378642,2.778057753043112,2.7780577530431088,1.6686499909217698,0.860808694415863
aerodynamic_torque_only,13.0,3.78300405653,0.284655144971,0.797165221152,0.2846104221346631,0.5409101830615,1.1384416885386524,0.512510076181,0.4501856189392341,0.01848866678237812,2.0660343156144245,2.0660343156144245,1.2404758370741098,0.8538312664039893
aerodynamic_torque_only,14.0,4.0741298017,0.282388382794,0.790686976603,0.28228438898230085,0.5365376796985,1.1291375559292034,0.508298593809,0.4501653418043516,0.01344966102528955,1.5157017014281966,1.5157017014281902,0.9098909478538191,0.8468531669469026
aerodynamic_torque_only,15.0,4.36529189886,0.280349954847,0.784599386309,0.2799580653852242,0.5324746705779999,1.1198322615408969,0.504249431462,0.4502901450331046,0.010064635397092875,1.1434511073257438,1.14345110732575,0.6865713126148596,0.8398741961556726
aerodynamic_torque_only,16.0,4.65648016535,0.278000606282,0.778217070347,0.2776315327007338,0.5281088383145001,1.1105261308029353,0.500216464065,0.4504319621037033,0.008043177520086459,0.92120201707749,0.9212020170774868,0.5532822548131592,0.8328945981022015
aerodynamic_torque_only,17.0,4.94770812303,0.27529879713,0.771321389535,0.27530468289202703,0.5233100933325,1.1012187315681081,0.49602259240499996,0.4504305803976619,0.007219147362352574,0.8338278954604494,0.8338278954604494,0.5007980464635633,0.8259140486760811
aerodynamic_torque_only,18.0,5.23898595383,0.272889925477,0.764885333694,0.2729774346076359,0.5188876295855,1.0919097384305436,0.49199540821700005,0.4505824894685614,0.007344266636957059,0.8552198327480887,0.8552198327480856,0.5138204945835326,0.8189323038229077
aerodynamic_torque_only,19.0,5.53031848161,0.270655808738,0.758398374988,0.27064974930593894,0.514527091863,1.0825989972237557,0.48774256625,0.4505292980141118,0.007740241114420204,0.9091802836042272,0.909180283604224,0.5461791067433868,0.8119492479178168
aerodynamic_torque_only,20.0,5.82171142956,0.26849822299,0.751924896027,0.2683215812598581,0.5102115595085,1.0732863250394324,0.483426673037,0.4504172481832739,0.008095686756410397,0.9594119550494282,0.9594119550494282,0.5762153547021889,0.8049647437795744
aerodynamic_torque_only,21.0,6.11325074211,0.266064466757,0.745268937057,0.26595900484389223,0.505666701907,1.063836019375569,0.4792044703,0.4504495632524971,0.00785962195977885,0.9396464796212675,0.9396464796212675,0.5643834747797932,0.7978770145316767
aerodynamic_torque_only,22.0,6.40504686313,0.263224240172,0.73829789185,0.2635353326804164,0.500761066011,1.0541413307216656,0.47507365167800003,0.4506735841130187,0.006647449615533485,0.8016566532414549,0.8016566532414549,0.48173405409879716,0.7906059980412492
aerodynamic_torque_only,23.0,6.69697177766,0.261000407125,0.731668398766,0.26111059075205156,0.4963344029455,1.0444423630082063,0.470667991641,0.45064046453016376,0.005712106065036027,0.6953171002183954,0.6953171002183954,0.4177971333346659,0.7833317722561547
aerodynamic_torque_only,24.0,6.98903624622,0.258727400864,0.72483838505,0.25868468968141767,0.49178289295699995,1.0347387587256707,0.466110984186,0.45046247688647284,0.004929983414864725,0.6059859558365763,0.6059859558365763,0.3639739218710496,0.776054069044253
aerodynamic_torque_only,25.0,7.28125697322,0.256331898585,0.718085521227,0.2562574907209078,0.48720870990599996,1.0250299628836312,0.461753622642,0.45047817074828433,0.004286164786681285,0.531824955297986,0.531824955297986,0.31943990836874847,0.7687724721627234
aerodynamic_torque_only,26.0,7.57365424442,0.25404955812,0.711909349892,0.25382882537605506,0.48297945400600006,1.0153153015042202,0.45785979177200004,0.4509533059273971,0.00383416563796779,0.4797896169795669,0.47978961697957323,0.2884879238798035,0.7614864761281652
aerodynamic_torque_only,27.0,7.86621751827,0.251646045689,0.704217469948,0.25139878120546444,0.47793175781850006,1.0055951248218578,0.45257142425900004,0.45005331975846,0.003180034672395471,0.4025874306828701,0.40258743068286695,0.241583623714268,0.7541963436163933
aerodynamic_torque_only,28.0,8.15895381586,0.249019013834,0.696572795137,0.24896729989163566,0.4727959044855,0.9958691995665426,0.447553781303,0.44941020517333014,0.0029166417411732037,0.3733828278503833,0.3733828278503833,0.22373810105371206,0.7469018996749069
aerodynamic_torque_only,29.0,8.4518473304,0.246565517412,0.690097203495,0.24653451272650218,0.4683313604535,0.9861380509060087,0.44353168608300003,0.44976632397006466,0.003218870343784569,0.41580895682245506,0.4158089568224582,0.24935862466879974,0.7396035381795065
aerodynamic_torque_only,30.0,8.7448801413,0.244320548839,0.683384059615,0.24410056855931866,0.463852304227,0.9764022742372747,0.43906351077600003,0.4496748137123896,0.003609165305262091,0.47096895327941835,0.47096895327942156,0.28238124211032123,0.7323017056779559
aerodynamic_torque_only,31.0,9.03824331793,0.241810257528,0.676368386581,0.2416136717292517,0.4590893220545,0.9664546869170068,0.43455812905299995,0.44964149373546075,0.003544614517253436,0.46734126988559915,0.4673412698855928,0.28018534919598403,0.7248410151877551
aerodynamic_torque_only,32.0,9.33218947817,0.238703967553,0.668911298281,0.23904019019901987,0.453807632917,0.9561607607960795,0.43020733072800005,0.4499320076362665,0.0023743944605870704,0.3162228777781735,0.3162228777781671,0.18970629198993752,0.7171205705970596
aerodynamic_torque_only,33.0,9.62626640464,0.236361317427,0.66192161111,0.23646556381805273,0.4491414642685,0.9458622552722109,0.425560293683,0.4499178303298798,0.0019946532964097985,0.26855037997733455,0.26855037997733455,0.16110156091067027,0.7093966914541582
aerodynamic_torque_only,34.0,9.92045559687,0.233944030002,0.654655293506,0.2338899545568888,0.44429966175400004,0.9355598182275552,0.420711263504,0.44968932537210665,0.0018429124764862692,0.25098075735919717,0.2509807573592004,0.1504851064325776,0.7016698636706664
aerodynamic_torque_only,35.0,10.2147453808,0.231268035094,0.647378488049,0.23131346462124405,0.43932326157150003,0.9252538584849762,0.416110452955,0.4497257148825568,0.0017009022254849682,0.23420218218431377,0.23420218218432012,0.140436159337649,0.6939403938637322
aerodynamic_torque_only,36.0,10.5091260236,0.228247818014,0.639961941241,0.22873617922147893,0.4341048796275,0.9149447168859157,0.4117141232270001,0.44998797810243724,0.001362315663866881,0.1895845894875768,0.18958458948758317,0.11374798049464217,0.6862085376644368
aerodynamic_torque_only,37.0,10.8036453866,0.225822650033,0.631925389779,0.22615767933443395,0.42887401990600005,0.9046307173377358,0.40610273974600003,0.4489154877927776,0.0010596915335941148,0.14950826161172084,0.1495082616117145,0.08948889593039787,0.6784730380033018
aerodynamic_torque_only,38.0,11.0983166214,0.223782480708,0.624677057848,0.2235778498186163,0.424229769278,0.8943113992744652,0.40089457714,0.4482717960044306,0.0011823186567617994,0.16897627589405328,0.16897627589405328,0.10099658644574071,0.670733549455849
aerodynamic_torque_only,39.0,11.3931052182,0.221228536683,0.617565122626,0.22099699280531718,0.41939682965450004,0.8839879712212687,0.39633658594300003,0.4483506550382619,0.0011736862582593655,0.16967162477838355,0.1696716247783899,0.10143003601984645,0.6629909784159516
aerodynamic_torque_only,40.0,11.6879904018,0.218588860303,0.610336986941,0.21841529018020372,0.414462923622,0.8736611607208149,0.391748126638,0.4483982397875944,0.0012059333002067685,0.17637524094505072,0.17637524094505708,0.10544867746676394,0.6552458705406112
aerodynamic_torque_only,41.0,11.9829528247,0.216218616889,0.603256040888,0.21583291132951282,0.4097373288885,0.8633316453180513,0.387037423999,0.4483067730668154,0.001704241741919993,0.2522888536031161,0.2522888536031161,0.15080436219042978,0.6474987339885385
aerodynamic_torque_only,42.0,12.2785247168,0.213032255191,0.595282106163,0.2130834011237983,0.404157180677,0.8523336044951932,0.38224985097200004,0.44847445760207116,0.0008649163559173723,0.12964288181543407,0.12964288181543407,0.07752211313279848,0.6392502033713949
aerodynamic_torque_only,43.0,12.5743928982,0.210218047915,0.587554258096,0.21031053854080786,0.3988861530055,0.8412421541632314,0.37733621018100005,0.4485464836891461,0.0004762010567135877,0.07230765436202978,0.07230765436202342,0.04324447355758561,0.6309316156224236
aerodynamic_torque_only,44.0,12.8703070195,0.207606433078,0.579838481201,0.2075372454112504,0.3937224571395,0.8301489816450016,0.37223204812300004,0.44839186260928093,0.0006789902409361503,0.10451338669982937,0.10451338669982937,0.06248398070515272,0.6226117362337512
aerodynamic_torque_only,45.0,13.1662557972,0.204554776466,0.571794852781,0.2047636274835536,0.3881748146235,0.8190545099342144,0.36724007631499994,0.4483707395060877,0.0007752568103361057,0.12095324054161788,0.12095324054161788,0.0723092609015147,0.6142908824506608
aerodynamic_torque_only,46.0,13.4622273057,0.200147394995,0.562111083304,0.20198979652387575,0.3811292391495,0.807959186095503,0.36196368830899994,0.44799749113343806,0.00011873789093644338,0.018795199613639655,0.018795199613646018,0.011226936622462566,0.6059693895716273
aerodynamic_torque_only,47.0,13.7583403946,0.19777474858,0.555884959174,0.19921463867939473,0.376829853877,0.7968585547175789,0.35811021059400006,0.4494024798678616,0.0006117737700335746,0.09788054041291377,0.09788054041291377,0.0586503800274084,0.5976439160381842
aerodynamic_torque_only,48.0,14.0545570527,0.196990868225,0.550439497713,0.19643851018927663,0.373715182969,0.7857540407571065,0.35344862948800004,0.44982095051962784,0.0013191876179852735,0.2138458763861621,0.21384587638616845,0.12825685516177102,0.5893155305678299
aerodynamic_torque_only,49.0,14.3511767159,0.193587334681,0.54122008069,0.19345554079745364,0.3674037076855,0.7738221631898146,0.34763274600900007,0.4492411338750032,4.0881808161225e-05,0.006738016146252978,0.006738016146252978,0.004035992030299545,0.5803666223923609
aerodynamic_torque_only,50.0,14.6480711625,0.190257139643,0.532659559882,0.19045378090494,0.3614583497625,0.76181512361976,0.34240242023899997,0.44945605518052323,-0.00021379997374540438,-0.03577613311006197,-0.03577613311006197,-0.021439734661902736,0.57136134271482
aerodynamic_torque_only,51.0,14.9450054848,0.187449645467,0.524466950695,0.18745161784800782,0.355958298081,0.7498064713920313,0.33701730522800005,0.4494723879914245,0.00020538804104167085,0.03491769198369627,0.034917691983702634,0.02092605285922059,0.5623548535440235
aerodynamic_torque_only,52.0,15.2419594295,0.184498558298,0.516054775115,0.18444925639823265,0.3502766667065,0.7377970255929306,0.331556216817,0.44938676264050376,0.00034773159085491057,0.06009100189863198,0.06009100189863198,0.03600547620480947,0.553347769194698
aerodynamic_torque_only,53.0,15.538924608,0.181570402489,0.507712146757,0.18136358127556199,0.34464127462300004,0.7254543251022479,0.326141744268,0.4495689569733181,0.0006017982291477153,0.10572231283414084,0.10572231283413448,0.06337267262675515,0.544090743826686
aerodynamic_torque_only,54.0,15.8362435476,0.177955814182,0.498192233238,0.1780808161246621,0.33807402371,0.7123232644986484,0.320236419056,0.44956613803901335,-0.0001193581912412589,-0.021355223468825627,-0.02135522346883199,-0.012800780835498397,0.5342424483739863
aerodynamic_torque_only,55.0,16.13360749,0.174770312342,0.489003583589,0.1747975540877457,0.3318869479655,0.6991902163509828,0.31423327124699996,0.44942458275082564,3.456167303667046e-05,0.006301808786987991,0.0063018087869752696,0.0037762503893522606,0.5243926622632371
aerodynamic_torque_only,56.0,16.4309712047,0.171605904206,0.479878473406,0.17120641240246098,0.325742188806,0.6848256496098439,0.3082725692,0.4501475220380951,0.0005845857925603215,0.10865143990872897,0.10865143990873534,0.0652122852640173,0.5136192372073829
aerodynamic_torque_only,57.0,16.7286424565,0.167162145917,0.467843045961,0.16717547243255454,0.317502595939,0.6687018897302182,0.30068090004400005,0.44964864712032904,-9.958016944811021e-05,-0.018975343040230682,-0.01897534304021796,-0.011376316701997867,0.5015264172976637
aerodynamic_torque_only,58.0,17.0263387775,0.163081402376,0.456255502578,0.163144192985995,0.30966845247700003,0.65257677194398,0.293174100202,0.4492561071836117,0.00011656852962282915,0.022781290758195048,0.02278129075820777,0.01364617913128317,0.489432578957985
aerodynamic_torque_only,59.0,17.324040695,0.15912409342,0.445161002503,0.1612510225,0.3021425479615,0.64500409,0.286036909083,0.44346526404662023,0.0008864400300795938,0.12979802919110012,0.1297980291911065,0.10498996095534299,0.4837530675
self_weight_only,0.0,8.5772817995e-23,0.314193274,0.8797411672,0.314193274,0.5969672206,1.256773096,0.5655478932,0.44999999999999996,0.0,0.0,0.0,0.0,0.9425798220000001
self_weight_only,1.0,0.290948540252,0.311963155925,0.873316239485,0.3119367227778949,0.592639697705,1.2477468911115797,0.56135308356,0.4498933938916952,0.0012308790817909254,0.12563227230430898,0.1256322723043084,0.07536158314391578,0.9358101683336848
self_weight_only,2.0,0.581902532716,0.309719207393,0.866961348417,0.30968012926928906,0.588340277905,1.2387205170771562,0.557242141024,0.44985300020609176,0.004642821841542112,0.4773650838269479,0.47736508382694753,0.2863297285700536,0.9290403878078672
self_weight_only,3.0,0.872862908094,0.307470440947,0.860651993184,0.30742348625580385,0.5840612170655,1.2296939450232154,0.553181552237,0.44985303414383854,0.008645457821841944,0.8953804024957811,0.8953804024957811,0.5370807791021188,0.9222704587674115
self_weight_only,4.0,1.16383133279,0.305260658532,0.854332076605,0.30516678081307136,0.5797963675685001,1.2206671232522854,0.549071418073,0.4498125718419294,0.011156848827172952,1.1640605836952198,1.1640605836952183,0.6982069567496985,0.9155003424392141
self_weight_only,5.0,1.45481063444,0.303225261201,0.848091069453,0.30290999101039046,0.575658165327,1.2116399640415618,0.5448658082519999,0.44969283320313946,0.011004904083554881,1.1570717594035245,1.1570717594035238,0.6938295811232227,0.9087299730311713
self_weight_only,6.0,1.74578902893,0.300941397932,0.842163766961,0.30065320824350017,0.5715525824465,1.2026128329740007,0.5412223690290001,0.4500387441322945,0.008914132026771687,0.9435973019040138,0.9435973019040146,0.566239886126858,0.9019596247305005
self_weight_only,7.0,2.0367700018,0.2984065012,0.835863633269,0.29839640547909924,0.5671350672345,1.193585621916397,0.537457132069,0.45028787394914305,0.006734640840326378,0.7179108434031938,0.717910843403197,0.4310364894076126,0.8951892164372977
self_weight_only,8.0,2.32775736816,0.296106223559,0.829490938132,0.2961395531277931,0.5627985808455,1.1845582125111724,0.533384714573,0.4502815555533276,0.005654861237510703,0.6074181271396699,0.6074181271396699,0.36468764335765874,0.8884186593833794
self_weight_only,9.0,2.61875121593,0.29398887625,0.823224722018,0.2938826505076881,0.558606799134,1.1755306020307523,0.529235845768,0.45021018155863796,0.0058658598771199055,0.6350198221775031,0.6350198221775031,0.381199836725236,0.8816479515230642
self_weight_only,10.0,2.90977439632,0.291586794446,0.816716195956,0.29158734249630414,0.554151495201,1.1663493699852165,0.52512940151,0.4502333649107694,0.006662733968564011,0.7269180753582616,0.72691807535826,0.43639200444772036,0.8747620274889124
self_weight_only,11.0,3.20083072452,0.289138012941,0.810167820359,0.2892618639708556,0.54965291665,1.1570474558834225,0.521029807418,0.4503097991086167,0.007219599361787982,0.7938626478026114,0.7938626478026114,0.4766650123931588,0.8677855919125669
self_weight_only,12.0,3.491906324,0.28691322916,0.803701821584,0.28693623147195435,0.545307525372,1.1477449258878174,0.5167885924240001,0.4502643233419199,0.00692763743883637,0.7680134972999376,0.7680134972999361,0.4610964327911897,0.860808694415863
self_weight_only,13.0,3.78300405653,0.284655144971,0.797165221152,0.2846104221346631,0.5409101830615,1.1384416885386524,0.512510076181,0.4501856189392341,0.005391666099243797,0.6027360842260165,0.602736084226007,0.36179936038272453,0.8538312664039893
self_weight_only,14.0,4.0741298017,0.282388382794,0.790686976603,0.28228438898230085,0.5365376796985,1.1291375559292034,0.508298593809,0.4501653418043516,0.0027027093558999182,0.30464845249868955,0.30464845249868955,0.1828573354107656,0.8468531669469026
self_weight_only,15.0,4.36529189886,0.280349954847,0.784599386309,0.2799580653852242,0.5324746705779999,1.1198322615408969,0.504249431462,0.4502901450331046,-0.0005288064571509488,-0.06008607085401413,-0.06008607085401095,-0.03607489587010137,0.8398741961556726
self_weight_only,16.0,4.65648016535,0.278000606282,0.778217070347,0.2776315327007338,0.5281088383145001,1.1105261308029353,0.500216464065,0.4504319621037033,-0.003314544037198469,-0.37964884929002457,-0.37964884929002773,-0.22801010147603473,0.8328945981022015
self_weight_only,17.0,4.94770812303,0.27529879713,0.771321389535,0.27530468289202703,0.5233100933325,1.1012187315681081,0.49602259240499996,0.4504305803976619,-0.00487680894828002,-0.5633041148654986,-0.5633041148654986,-0.3383128345142553,0.8259140486760811
self_weight_only,18.0,5.23898595383,0.272889925477,0.764885333694,0.2729774346076359,0.5188876295855,1.0919097384305436,0.49199540821700005,0.4505824894685614,-0.005162980628666131,-0.6012376065592294,-0.6012376065592294,-0.3612179897627794,0.8189323038229077
self_weight_only,19.0,5.53031848161,0.270655808738,0.758398374988,0.27064974930593894,0.514527091863,1.0825989972237557,0.48774256625,0.4505292980141118,-0.004498987422513923,-0.5284871545168447,-0.5284871545168478,-0.3174710168427453,0.8119492479178168
self_weight_only,20.0,5.82171142956,0.26849822299,0.751924896027,0.2683215812598581,0.5102115595085,1.0732863250394324,0.483426673037,0.4504172481832739,-0.0033025604471286496,-0.3914137182547499,-0.3914137182547499,-0.23506832440145597,0.8049647437795744
self_weight_only,21.0,6.11325074211,0.266064466757,0.745268937057,0.26595900484389223,0.505666701907,1.063836019375569,0.4792044703,0.4504495632524971,-0.0020410148805987405,-0.24403117814817468,-0.24403117814817785,-0.14656555005071242,0.7978770145316767
self_weight_only,22.0,6.40504686313,0.263224240172,0.73829789185,0.2635353326804164,0.500761066011,1.0541413307216656,0.47507365167800003,0.4506735841130187,-0.0010284399955567958,-0.12403377659772036,-0.12403377659772354,-0.07453173658835037,0.7906059980412492
self_weight_only,23.0,6.69697177766,0.261000407125,0.731668398766,0.26111059075205156,0.4963344029455,1.0444423630082063,0.470667991641,0.45064046453016376,-0.00030404549447116125,-0.03701233459542623,-0.03701233459542941,-0.022239009517202736,0.7833317722561547
self_weight_only,24.0,6.98903624622,0.258727400864,0.72483838505,0.25868468968141767,0.49178289295699995,1.0347387587256707,0.466110984186,0.45046247688647284,5.364288646894644e-05,0.006593946691402133,0.0065939466913989535,0.003960434089934252,0.776054069044253
self_weight_only,25.0,7.28125697322,0.256331898585,0.718085521227,0.2562574907209078,0.48720870990599996,1.0250299628836312,0.461753622642,0.45047817074828433,3.130206522591883e-05,0.0038840544758043266,0.0038840544758043266,0.0023329090094131666,0.7687724721627234
self_weight_only,26.0,7.57365424442,0.25404955812,0.711909349892,0.25382882537605506,0.48297945400600006,1.0153153015042202,0.45785979177200004,0.4509533059273971,-0.00025174443734130025,-0.031502858694418115,-0.03150285869441494,-0.018941758917914032,0.7614864761281652
self_weight_only,27.0,7.86621751827,0.251646045689,0.704217469948,0.25139878120546444,0.47793175781850006,1.0055951248218578,0.45257142425900004,0.45005331975846,-0.0005866848860162088,-0.07427457245730269,-0.07427457245730269,-0.04457003985379773,0.7541963436163933
self_weight_only,28.0,8.15895381586,0.249019013834,0.696572795137,0.24896729989163566,0.4727959044855,0.9958691995665426,0.447553781303,0.44941020517333014,-0.00079740232689543,-0.10208323886350693,-0.1020832388635101,-0.061169707248883466,0.7469018996749069
self_weight_only,29.0,8.4518473304,0.246565517412,0.690097203495,0.24653451272650218,0.4683313604535,0.9861380509060087,0.44353168608300003,0.44976632397006466,-0.0007976770646581643,-0.10304445291665848,-0.10304445291665848,-0.06179460905629044,0.7396035381795065
self_weight_only,30.0,8.7448801413,0.244320548839,0.683384059615,0.24410056855931866,0.463852304227,0.9764022742372747,0.43906351077600003,0.4496748137123896,-0.0006069607055499693,-0.07920554487452147,-0.0792055448745183,-0.04748900422486596,0.7323017056779559
self_weight_only,31.0,9.03824331793,0.241810257528,0.676368386581,0.2416136717292517,0.4590893220545,0.9664546869170068,0.43455812905299995,0.44964149373546075,-0.00035131930978979375,-0.04632086706292963,-0.046320867062932806,-0.027770382351986547,0.7248410151877551
self_weight_only,32.0,9.33218947817,0.238703967553,0.668911298281,0.23904019019901987,0.453807632917,0.9561607607960795,0.43020733072800005,0.4499320076362665,-0.00012556368955196628,-0.016722795622653663,-0.016722795622663208,-0.010032161526071063,0.7171205705970596
self_weight_only,33.0,9.62626640464,0.236361317427,0.66192161111,0.23646556381805273,0.4491414642685,0.9458622552722109,0.425560293683,0.4499178303298798,7.8103711093791e-05,0.01051557916977766,0.01051557916977766,0.006308195464978229,0.7093966914541582
self_weight_only,34.0,9.92045559687,0.233944030002,0.654655293506,0.2338899545568888,0.44429966175400004,0.9355598182275552,0.420711263504,0.44968932537210665,0.00020100419970520145,0.02737433586946174,0.027374335869458557,0.0164132629727544,0.7016698636706664
self_weight_only,35.0,10.2147453808,0.231268035094,0.647378488049,0.23131346462124405,0.43932326157150003,0.9252538584849762,0.416110452955,0.4497257148825568,0.00019620523639099496,0.02701621901253025,0.02701621901253025,0.01619985198067995,0.6939403938637322
self_weight_only,36.0,10.5091260236,0.228247818014,0.639961941241,0.22873617922147893,0.4341048796275,0.9149447168859157,0.4117141232270001,0.44998797810243724,9.552001912030428e-05,0.0132929466045732,0.013292946604579562,0.007975554979075553,0.6862085376644368
self_weight_only,37.0,10.8036453866,0.225822650033,0.631925389779,0.22615767933443395,0.42887401990600005,0.9046307173377358,0.40610273974600003,0.4489154877927776,-2.9254786689136836e-05,-0.004127467364529512,-0.004127467364529512,-0.0024705120364651757,0.6784730380033018
self_weight_only,38.0,11.0983166214,0.223782480708,0.624677057848,0.2235778498186163,0.424229769278,0.8943113992744652,0.40089457714,0.4482717960044306,-0.00011175853512010447,-0.01597250894923707,-0.01597250894923707,-0.009546700523455116,0.670733549455849
self_weight_only,39.0,11.3931052182,0.221228536683,0.617565122626,0.22099699280531718,0.41939682965450004,0.8839879712212687,0.39633658594300003,0.4483506550382619,-0.0001298719174318841,-0.018774730226034823,-0.018774730226034823,-0.011223550384833497,0.6629909784159516
self_weight_only,40.0,11.6879904018,0.218588860303,0.610336986941,0.21841529018020372,0.414462923622,0.8736611607208149,0.391748126638,0.4483982397875944,-0.00010940943603943154,-0.01600186021252695,-0.01600186021252059,-0.009566941429994435,0.6552458705406112
self_weight_only,41.0,11.9829528247,0.216218616889,0.603256040888,0.21583291132951282,0.4097373288885,0.8633316453180513,0.387037423999,0.4483067730668154,-8.296823296385925e-05,-0.012282351046454578,-0.01228235104646094,-0.007341681623356448,0.6474987339885385
self_weight_only,42.0,12.2785247168,0.213032255191,0.595282106163,0.2130834011237983,0.404157180677,0.8523336044951932,0.38224985097200004,0.44847445760207116,-7.638454902036962e-05,-0.011449349710654788,-0.011449349710654788,-0.006846321260386467,0.6392502033713949
self_weight_only,43.0,12.5743928982,0.210218047915,0.587554258096,0.21031053854080786,0.3988861530055,0.8412421541632314,0.37733621018100005,0.4485464836891461,-6.953651408425632e-05,-0.010558617557722381,-0.01055861755771602,-0.0063147077500910155,0.6309316156224236
self_weight_only,44.0,12.8703070195,0.207606433078,0.579838481201,0.2075372454112504,0.3937224571395,0.8301489816450016,0.37223204812300004,0.44839186260928093,-5.085637376667229e-05,-0.00782806202403379,-0.00782806202403379,-0.00468005243414778,0.6226117362337512
self_weight_only,45.0,13.1662557972,0.204554776466,0.571794852781,0.2047636274835536,0.3881748146235,0.8190545099342144,0.36724007631499994,0.4483707395060877,-4.06128152815044e-05,-0.006336298923683643,-0.006336298923683643,-0.003788014722115267,0.6142908824506608
self_weight_only,46.0,13.4622273057,0.200147394995,0.562111083304,0.20198979652387575,0.3811292391495,0.807959186095503,0.36196368830899994,0.44799749113343806,-4.774653234496107e-05,-0.007557870754019302,-0.007557870754012941,-0.004514542864984695,0.6059693895716273
self_weight_only,47.0,13.7583403946,0.19777474858,0.555884959174,0.19921463867939473,0.376829853877,0.7968585547175789,0.35811021059400006,0.4494024798678616,-6.393877542015813e-05,-0.010229872903672811,-0.01022987290366645,-0.006129773710603551,0.5976439160381842
self_weight_only,48.0,14.0545570527,0.196990868225,0.550439497713,0.19643851018927663,0.373715182969,0.7857540407571065,0.35344862948800004,0.44982095051962784,-7.188480496217453e-05,-0.011652883997966117,-0.011652883997966117,-0.0069889485367160865,0.5893155305678299
self_weight_only,49.0,14.3511767159,0.193587334681,0.54122008069,0.19345554079745364,0.3674037076855,0.7738221631898146,0.34763274600900007,0.4492411338750032,-9.246095163645274e-05,-0.015239134501658971,-0.015239134501658971,-0.00912806155508112,0.5803666223923609
self_weight_only,50.0,14.6480711625,0.190257139643,0.532659559882,0.19045378090494,0.3614583497625,0.76181512361976,0.34240242023899997,0.44945605518052323,-0.00011816718540963445,-0.019773460501219475,-0.019773460501213112,-0.011849735707022547,0.57136134271482
self_weight_only,51.0,14.9450054848,0.187449645467,0.524466950695,0.18745161784800782,0.355958298081,0.7498064713920313,0.33701730522800005,0.4494723879914245,-0.0001258431081800071,-0.021394386972320482,-0.021394386972314123,-0.012821581984624797,0.5623548535440235
self_weight_only,52.0,15.2419594295,0.184498558298,0.516054775115,0.18444925639823265,0.3502766667065,0.7377970255929306,0.331556216817,0.44938676264050376,-0.00012894372821362077,-0.02228258941961925,-0.022282589419625614,-0.013351334728160935,0.553347769194698
self_weight_only,53.0,15.538924608,0.181570402489,0.507712146757,0.18136358127556199,0.34464127462300004,0.7254543251022479,0.326141744268,0.4495689569733181,-0.0001353376186926658,-0.0237757786350158,-0.023775778635022164,-0.014251803193671664,0.544090743826686
self_weight_only,54.0,15.8362435476,0.177955814182,0.498192233238,0.1780808161246621,0.33807402371,0.7123232644986484,0.320236419056,0.44956613803901335,-0.00014368522167701459,-0.025707745085048687,-0.025707745085055047,-0.015409776229969975,0.5342424483739863
self_weight_only,55.0,16.13360749,0.174770312342,0.489003583589,0.1747975540877457,0.3318869479655,0.6991902163509828,0.31423327124699996,0.44942458275082564,-0.00015493719202835932,-0.02825049823086884,-0.028250498230881563,-0.016928625385796155,0.5243926622632371
self_weight_only,56.0,16.4309712047,0.171605904206,0.479878473406,0.17120641240246098,0.325742188806,0.6848256496098439,0.3082725692,0.4501475220380951,-0.00016560521127234606,-0.030779510428544137,-0.030779510428550497,-0.01847376160219602,0.5136192372073829
self_weight_only,57.0,16.7286424565,0.167162145917,0.467843045961,0.16717547243255454,0.317502595939,0.6687018897302182,0.30068090004400005,0.44964864712032904,-0.00019157821325441193,-0.03650588241282462,-0.036505882412818255,-0.021886429415601275,0.5015264172976637
self_weight_only,58.0,17.0263387775,0.163081402376,0.456255502578,0.163144192985995,0.30966845247700003,0.65257677194398,0.293174100202,0.4492561071836117,-0.00023639610745163075,-0.04619949820103474,-0.04619949820104747,-0.02767387946645046,0.489432578957985
self_weight_only,59.0,17.324040695,0.15912409342,0.445161002503,0.1612510225,0.3021425479615,0.64500409,0.286036909083,0.44346526404662023,-0.0003788492828560308,-0.06474786104212399,-0.06474786104211762,-0.04487095173108605,0.4837530675
