case_id,assignment,root_airfoil,mid1_airfoil,mid2_airfoil,tip_airfoil,predicted_balanced_score,predicted_profile_cd_proxy,predicted_cd_p90_proxy,predicted_min_stall_margin_deg,predicted_min_safe_clmax_margin,predicted_actual_query_pass,predicted_archive_pass,has_seed_reference,is_cst_only,no_ClarkY,no_DAE,known_policy_tags,selection_reasons,shortlist_rank
raw_best_tier2,root:fx76mp140|mid1:dae31|mid2:dae31|tip:cst_tip_nsga2_g05_child_0032_70ef8136,fx76mp140,dae31,dae31,cst_tip_nsga2_g05_child_0032_70ef8136,0.01316521318882598,0.009643276519751567,0.01036397362817431,1.5531296924458502,0.1204704323985415,False,False,True,False,True,False,,top_predicted_profile_proxy,1
raw_best_tier2,root:fx76mp140|mid1:dae31|mid2:dae31|tip:cst_tip_nsga2_g05_child_0102_33bdf605,fx76mp140,dae31,dae31,cst_tip_nsga2_g05_child_0102_33bdf605,0.013259842135769865,0.009666548083966452,0.010612432631068093,1.5531296924458502,0.1204704323985415,False,False,True,False,True,False,,top_predicted_profile_proxy,2
raw_best_tier2,root:dae21|mid1:dae31|mid2:dae31|tip:cst_tip_nsga2_g05_child_0032_70ef8136,dae21,dae31,dae31,cst_tip_nsga2_g05_child_0032_70ef8136,0.013200562176169663,0.009667227870685817,0.010382562451300054,0.7709552173855811,0.07647987573678772,False,False,True,False,True,False,,top_predicted_profile_proxy,3
raw_best_tier2,root:dae21|mid1:dae31|mid2:dae31|tip:cst_tip_nsga2_g05_child_0102_33bdf605,dae21,dae31,dae31,cst_tip_nsga2_g05_child_0102_33bdf605,0.013295191123113548,0.0096904994349007,0.010631021454193838,0.7709552173855811,0.07647987573678772,False,False,True,False,True,False,,top_predicted_profile_proxy,4
raw_best_tier2,root:dae31|mid1:dae31|mid2:dae31|tip:cst_tip_nsga2_g05_child_0032_70ef8136,dae31,dae31,dae31,cst_tip_nsga2_g05_child_0032_70ef8136,0.011203351564173502,0.00970449614537909,0.010423550593464512,1.3457398164752927,0.13370628609614466,False,True,True,False,True,False,,top_predicted_profile_proxy,5
raw_best_tier2,root:fx76mp140|mid1:dae31|mid2:cst_mid2_seedless_sobol_0237_e583606c|tip:cst_tip_nsga2_g05_child_0032_70ef8136,fx76mp140,dae31,cst_mid2_seedless_sobol_0237_e583606c,cst_tip_nsga2_g05_child_0032_70ef8136,0.013214070634671149,0.009722910226318006,0.010433039251609953,1.5531296924458502,0.1204704323985415,False,False,True,False,True,False,,top_predicted_profile_proxy,6
raw_best_tier2,root:dae31|mid1:dae31|mid2:dae31|tip:cst_tip_nsga2_g05_child_0102_33bdf605,dae31,dae31,dae31,cst_tip_nsga2_g05_child_0102_33bdf605,0.011297980511117387,0.009727767709593976,0.010672009596358296,1.3457398164752927,0.13370628609614466,False,True,True,False,True,False,,top_predicted_profile_proxy,7
raw_best_tier2,root:dae11|mid1:dae31|mid2:dae31|tip:cst_tip_nsga2_g05_child_0032_70ef8136,dae11,dae31,dae31,cst_tip_nsga2_g05_child_0032_70ef8136,0.013228276596128024,0.009734211726262517,0.010458130488531324,1.2182035735556145,0.12067698742999489,False,False,True,False,True,False,,top_predicted_profile_proxy,8
raw_best_tier2,root:fx76mp140|mid1:dae31|mid2:cst_mid2_nsga2_g02_child_0106_7ea30168|tip:cst_tip_nsga2_g05_child_0032_70ef8136,fx76mp140,dae31,cst_mid2_nsga2_g02_child_0106_7ea30168,cst_tip_nsga2_g05_child_0032_70ef8136,0.016171256089737643,0.009734617217983254,0.010586922965706153,1.4856279764525009,0.1204704323985415,False,False,True,False,True,False,,top_predicted_profile_proxy,9
raw_best_tier2,root:fx76mp140|mid1:dae21|mid2:dae31|tip:cst_tip_nsga2_g05_child_0032_70ef8136,fx76mp140,dae21,dae31,cst_tip_nsga2_g05_child_0032_70ef8136,0.017290906368734215,0.009735388052032461,0.010438527473222336,1.0673218520430892,0.10587987573678781,False,False,True,False,True,False,,top_predicted_profile_proxy,10
raw_best_tier2,root:fx76mp140|mid1:dae31|mid2:cst_mid2_seedless_sobol_0237_e583606c|tip:cst_tip_nsga2_g05_child_0102_33bdf605,fx76mp140,dae31,cst_mid2_seedless_sobol_0237_e583606c,cst_tip_nsga2_g05_child_0102_33bdf605,0.013308699581615034,0.009746181790532889,0.010681498254503737,1.5531296924458502,0.1204704323985415,False,False,True,False,True,False,,top_predicted_profile_proxy,11
raw_best_tier2,root:dae21|mid1:dae31|mid2:cst_mid2_seedless_sobol_0237_e583606c|tip:cst_tip_nsga2_g05_child_0032_70ef8136,dae21,dae31,cst_mid2_seedless_sobol_0237_e583606c,cst_tip_nsga2_g05_child_0032_70ef8136,0.013249419622014832,0.009746861577252255,0.010451628074735698,0.7709552173855811,0.07647987573678772,False,False,True,False,True,False,,top_predicted_profile_proxy,12
raw_best_tier2,root:dae11|mid1:dae31|mid2:dae31|tip:cst_tip_nsga2_g05_child_0102_33bdf605,dae11,dae31,dae31,cst_tip_nsga2_g05_child_0102_33bdf605,0.01332290554307191,0.0097574832904774,0.010706589491425108,1.2182035735556145,0.12067698742999489,False,False,True,False,True,False,,top_predicted_profile_proxy,13
raw_best_tier2,root:fx76mp140|mid1:dae31|mid2:cst_mid2_nsga2_g02_child_0106_7ea30168|tip:cst_tip_nsga2_g05_child_0102_33bdf605,fx76mp140,dae31,cst_mid2_nsga2_g02_child_0106_7ea30168,cst_tip_nsga2_g05_child_0102_33bdf605,0.01626588503668153,0.009757888782198139,0.010835381968599936,1.4856279764525009,0.1204704323985415,False,False,True,False,True,False,,top_predicted_profile_proxy,14
raw_best_tier2,root:dae21|mid1:dae31|mid2:cst_mid2_nsga2_g02_child_0106_7ea30168|tip:cst_tip_nsga2_g05_child_0032_70ef8136,dae21,dae31,cst_mid2_nsga2_g02_child_0106_7ea30168,cst_tip_nsga2_g05_child_0032_70ef8136,0.016206605077081326,0.009758568568917504,0.010605511788831899,0.7709552173855811,0.07647987573678772,False,False,True,False,True,False,,top_predicted_profile_proxy,15
raw_best_tier2,root:fx76mp140|mid1:dae21|mid2:dae31|tip:cst_tip_nsga2_g05_child_0102_33bdf605,fx76mp140,dae21,dae31,cst_tip_nsga2_g05_child_0102_33bdf605,0.017385535315678102,0.009758659616247344,0.01068698647611612,1.0673218520430892,0.10587987573678781,False,False,True,False,True,False,,top_predicted_profile_proxy,16
raw_best_tier2,root:dae21|mid1:dae21|mid2:dae31|tip:cst_tip_nsga2_g05_child_0032_70ef8136,dae21,dae21,dae31,cst_tip_nsga2_g05_child_0032_70ef8136,0.017326255356077902,0.009759339402966713,0.01045711629634808,0.7709552173855811,0.07647987573678772,False,False,True,False,True,False,,top_predicted_profile_proxy,17
raw_best_tier2,root:fx76mp140|mid1:dae31|mid2:cst_mid2_seedless_sobol_0377_ed2a45eb|tip:cst_tip_nsga2_g05_child_0032_70ef8136,fx76mp140,dae31,cst_mid2_seedless_sobol_0377_ed2a45eb,cst_tip_nsga2_g05_child_0032_70ef8136,0.013351957834660444,0.009759901324995286,0.010545878207982381,1.5531296924458502,0.1204704323985415,False,False,True,False,True,False,,top_predicted_profile_proxy,18
raw_best_tier2,root:dae21|mid1:dae31|mid2:cst_mid2_seedless_sobol_0237_e583606c|tip:cst_tip_nsga2_g05_child_0102_33bdf605,dae21,dae31,cst_mid2_seedless_sobol_0237_e583606c,cst_tip_nsga2_g05_child_0102_33bdf605,0.013344048568958718,0.00977013314146714,0.010700087077629481,0.7709552173855811,0.07647987573678772,False,False,True,False,True,False,,top_predicted_profile_proxy,19
raw_best_tier2,root:dae21|mid1:dae31|mid2:cst_mid2_nsga2_g02_child_0106_7ea30168|tip:cst_tip_nsga2_g05_child_0102_33bdf605,dae21,dae31,cst_mid2_nsga2_g02_child_0106_7ea30168,cst_tip_nsga2_g05_child_0102_33bdf605,0.016301234024025214,0.009781840133132387,0.010853970791725683,0.7709552173855811,0.07647987573678772,False,False,True,False,True,False,,top_predicted_profile_proxy,20
raw_best_tier2,root:dae21|mid1:dae21|mid2:dae31|tip:cst_tip_nsga2_g05_child_0102_33bdf605,dae21,dae21,dae31,cst_tip_nsga2_g05_child_0102_33bdf605,0.01742088430302179,0.009782610967181596,0.010705575299241864,0.7709552173855811,0.07647987573678772,False,False,True,False,True,False,,top_predicted_profile_proxy,21
raw_best_tier2,root:fx76mp140|mid1:dae31|mid2:cst_mid2_seedless_sobol_0377_ed2a45eb|tip:cst_tip_nsga2_g05_child_0102_33bdf605,fx76mp140,dae31,cst_mid2_seedless_sobol_0377_ed2a45eb,cst_tip_nsga2_g05_child_0102_33bdf605,0.01344658678160433,0.00978317288921017,0.010794337210876165,1.5531296924458502,0.1204704323985415,False,False,True,False,True,False,,top_predicted_profile_proxy,22
raw_best_tier2,root:dae21|mid1:dae31|mid2:cst_mid2_seedless_sobol_0377_ed2a45eb|tip:cst_tip_nsga2_g05_child_0032_70ef8136,dae21,dae31,cst_mid2_seedless_sobol_0377_ed2a45eb,cst_tip_nsga2_g05_child_0032_70ef8136,0.013387306822004128,0.009783852675929535,0.010564467031108127,0.7709552173855811,0.07647987573678772,False,False,True,False,True,False,,top_predicted_profile_proxy,23
raw_best_tier2,root:dae31|mid1:dae31|mid2:cst_mid2_seedless_sobol_0237_e583606c|tip:cst_tip_nsga2_g05_child_0032_70ef8136,dae31,dae31,cst_mid2_seedless_sobol_0237_e583606c,cst_tip_nsga2_g05_child_0032_70ef8136,0.01125220901001867,0.009784129851945529,0.010492616216900156,1.3457398164752927,0.13370628609614466,False,True,True,False,True,False,,top_predicted_profile_proxy,24
raw_best_tier2,root:fx76mp140|mid1:dae31|mid2:cst_mid2_nsga2_g01_child_0103_58b101ad|tip:cst_tip_nsga2_g05_child_0032_70ef8136,fx76mp140,dae31,cst_mid2_nsga2_g01_child_0103_58b101ad,cst_tip_nsga2_g05_child_0032_70ef8136,0.01353166662975272,0.009795017603121823,0.010662556748526656,1.4447542179589927,0.1204704323985415,False,False,True,False,True,False,,top_predicted_profile_proxy,25
raw_best_tier2,root:dae31|mid1:dae31|mid2:cst_mid2_nsga2_g02_child_0106_7ea30168|tip:cst_tip_nsga2_g05_child_0032_70ef8136,dae31,dae31,cst_mid2_nsga2_g02_child_0106_7ea30168,cst_tip_nsga2_g05_child_0032_70ef8136,0.014209394465085168,0.009795836843610777,0.010646499930996357,1.3457398164752927,0.13370628609614466,False,False,True,False,True,False,,top_predicted_profile_proxy,26
raw_best_tier2,root:dae31|mid1:dae21|mid2:dae31|tip:cst_tip_nsga2_g05_child_0032_70ef8136,dae31,dae21,dae31,cst_tip_nsga2_g05_child_0032_70ef8136,0.015329044744081742,0.009796607677659984,0.010498104438512538,1.0673218520430892,0.10587987573678781,False,False,True,False,True,False,,top_predicted_profile_proxy,27
raw_best_tier2,root:dae21|mid1:dae31|mid2:cst_mid2_seedless_sobol_0377_ed2a45eb|tip:cst_tip_nsga2_g05_child_0102_33bdf605,dae21,dae31,cst_mid2_seedless_sobol_0377_ed2a45eb,cst_tip_nsga2_g05_child_0102_33bdf605,0.013481935768948013,0.009807124240144419,0.010812926034001911,0.7709552173855811,0.07647987573678772,False,False,True,False,True,False,,top_predicted_profile_proxy,28
raw_best_tier2,root:dae31|mid1:dae31|mid2:cst_mid2_seedless_sobol_0237_e583606c|tip:cst_tip_nsga2_g05_child_0102_33bdf605,dae31,dae31,cst_mid2_seedless_sobol_0237_e583606c,cst_tip_nsga2_g05_child_0102_33bdf605,0.011346837956962556,0.009807401416160412,0.01074107521979394,1.3457398164752927,0.13370628609614466,False,True,True,False,True,False,,top_predicted_profile_proxy,29
raw_best_tier2,root:fx76mp140|mid1:fx76mp140|mid2:dae31|tip:cst_tip_nsga2_g05_child_0032_70ef8136,fx76mp140,fx76mp140,dae31,cst_tip_nsga2_g05_child_0032_70ef8136,0.01732868840379843,0.009813524956766476,0.010522093575041557,1.5531296924458502,0.1204704323985415,False,False,True,False,True,False,,top_predicted_profile_proxy,30
raw_best_tier2,root:dae11|mid1:dae31|mid2:cst_mid2_seedless_sobol_0237_e583606c|tip:cst_tip_nsga2_g05_child_0032_70ef8136,dae11,dae31,cst_mid2_seedless_sobol_0237_e583606c,cst_tip_nsga2_g05_child_0032_70ef8136,0.013277134041973193,0.009813845432828955,0.010527196111966968,1.2182035735556145,0.12067698742999489,False,False,True,False,True,False,,top_predicted_profile_proxy,31
raw_best_tier2,root:fx76mp140|mid1:dae21|mid2:cst_mid2_seedless_sobol_0237_e583606c|tip:cst_tip_nsga2_g05_child_0032_70ef8136,fx76mp140,dae21,cst_mid2_seedless_sobol_0237_e583606c,cst_tip_nsga2_g05_child_0032_70ef8136,0.017339763814579384,0.0098150217585989,0.01050759309665798,1.0673218520430892,0.10587987573678781,False,False,True,False,True,False,,top_predicted_profile_proxy,32
raw_best_tier2,root:cst_root_nsga2_g03_child_0090_3408e0ca|mid1:dae31|mid2:dae31|tip:cst_tip_nsga2_g05_child_0032_70ef8136,cst_root_nsga2_g03_child_0090_3408e0ca,dae31,dae31,cst_tip_nsga2_g05_child_0032_70ef8136,0.013239419613302272,0.009817384132183159,0.010531343078014626,1.6416477484024707,0.16310628609614475,False,False,True,False,True,False,,top_predicted_profile_proxy,33
raw_best_tier2,root:fx76mp140|mid1:dae31|mid2:cst_mid2_nsga2_g01_child_0103_58b101ad|tip:cst_tip_nsga2_g05_child_0102_33bdf605,fx76mp140,dae31,cst_mid2_nsga2_g01_child_0103_58b101ad,cst_tip_nsga2_g05_child_0102_33bdf605,0.013626295576696605,0.009818289167336708,0.01091101575142044,1.4447542179589927,0.1204704323985415,False,False,True,False,True,False,,top_predicted_profile_proxy,34
raw_best_tier2,root:dae21|mid1:dae31|mid2:cst_mid2_nsga2_g01_child_0103_58b101ad|tip:cst_tip_nsga2_g05_child_0032_70ef8136,dae21,dae31,cst_mid2_nsga2_g01_child_0103_58b101ad,cst_tip_nsga2_g05_child_0032_70ef8136,0.013567015617096403,0.009818968954056073,0.010681145571652402,0.7709552173855811,0.07647987573678772,False,False,True,False,True,False,,top_predicted_profile_proxy,35
raw_best_tier2,root:dae31|mid1:dae31|mid2:cst_mid2_nsga2_g02_child_0106_7ea30168|tip:cst_tip_nsga2_g05_child_0102_33bdf605,dae31,dae31,cst_mid2_nsga2_g02_child_0106_7ea30168,cst_tip_nsga2_g05_child_0102_33bdf605,0.014304023412029054,0.009819108407825662,0.01089495893389014,1.3457398164752927,0.13370628609614466,False,False,True,False,True,False,,top_predicted_profile_proxy,36
raw_best_tier2,root:dae31|mid1:dae21|mid2:dae31|tip:cst_tip_nsga2_g05_child_0102_33bdf605,dae31,dae21,dae31,cst_tip_nsga2_g05_child_0102_33bdf605,0.015423673691025628,0.009819879241874867,0.010746563441406322,1.0673218520430892,0.10587987573678781,False,False,True,False,True,False,,top_predicted_profile_proxy,37
raw_best_tier2,root:dae31|mid1:dae31|mid2:cst_mid2_seedless_sobol_0377_ed2a45eb|tip:cst_tip_nsga2_g05_child_0032_70ef8136,dae31,dae31,cst_mid2_seedless_sobol_0377_ed2a45eb,cst_tip_nsga2_g05_child_0032_70ef8136,0.011390096210007968,0.009821120950622809,0.010605455173272584,1.3457398164752927,0.13370628609614466,False,True,True,False,True,False,,top_predicted_profile_proxy,38
raw_best_tier2,root:cst_root_nsga2_g04_child_0066_2124fc90|mid1:dae31|mid2:dae31|tip:cst_tip_nsga2_g05_child_0032_70ef8136,cst_root_nsga2_g04_child_0066_2124fc90,dae31,dae31,cst_tip_nsga2_g05_child_0032_70ef8136,0.011240920416404182,0.009824426740378043,0.010536779936630212,1.6416477484024707,0.16310628609614475,False,True,True,False,True,False,,top_predicted_profile_proxy,39
raw_best_tier2,root:dae11|mid1:dae31|mid2:cst_mid2_nsga2_g02_child_0106_7ea30168|tip:cst_tip_nsga2_g05_child_0032_70ef8136,dae11,dae31,cst_mid2_nsga2_g02_child_0106_7ea30168,cst_tip_nsga2_g05_child_0032_70ef8136,0.016234319497039688,0.009825552424494203,0.010681079826063169,1.2182035735556145,0.12067698742999489,False,False,True,False,True,False,,top_predicted_profile_proxy,40
raw_best_tier2,root:dae11|mid1:dae21|mid2:dae31|tip:cst_tip_nsga2_g05_child_0032_70ef8136,dae11,dae21,dae31,cst_tip_nsga2_g05_child_0032_70ef8136,0.017353969776036263,0.009826323258543412,0.01053268433357935,1.0673218520430892,0.10587987573678781,False,False,True,False,True,False,,top_predicted_profile_proxy,41
raw_best_tier2,root:fx76mp140|mid1:dae21|mid2:cst_mid2_nsga2_g02_child_0106_7ea30168|tip:cst_tip_nsga2_g05_child_0032_70ef8136,fx76mp140,dae21,cst_mid2_nsga2_g02_child_0106_7ea30168,cst_tip_nsga2_g05_child_0032_70ef8136,0.02029694926964588,0.009826728750264148,0.010661476810754179,1.0673218520430892,0.10587987573678781,False,False,True,False,True,False,,top_predicted_profile_proxy,42
raw_best_tier2,root:fx76mp140|mid1:fx76mp140|mid2:dae31|tip:cst_tip_nsga2_g05_child_0102_33bdf605,fx76mp140,fx76mp140,dae31,cst_tip_nsga2_g05_child_0102_33bdf605,0.017423317350742318,0.00983679652098136,0.010770552577935341,1.5531296924458502,0.1204704323985415,False,False,True,False,True,False,,top_predicted_profile_proxy,43
raw_best_tier2,root:dae11|mid1:dae31|mid2:cst_mid2_seedless_sobol_0237_e583606c|tip:cst_tip_nsga2_g05_child_0102_33bdf605,dae11,dae31,cst_mid2_seedless_sobol_0237_e583606c,cst_tip_nsga2_g05_child_0102_33bdf605,0.013371762988917079,0.00983711699704384,0.010775655114860751,1.2182035735556145,0.12067698742999489,False,False,True,False,True,False,,top_predicted_profile_proxy,44
raw_best_tier2,root:dae21|mid1:fx76mp140|mid2:dae31|tip:cst_tip_nsga2_g05_child_0032_70ef8136,dae21,fx76mp140,dae31,cst_tip_nsga2_g05_child_0032_70ef8136,0.017364037391142114,0.009837476307700726,0.010540682398167302,0.7709552173855811,0.07647987573678772,False,False,True,False,True,False,,top_predicted_profile_proxy,45
raw_best_tier2,root:fx76mp140|mid1:dae21|mid2:cst_mid2_seedless_sobol_0237_e583606c|tip:cst_tip_nsga2_g05_child_0102_33bdf605,fx76mp140,dae21,cst_mid2_seedless_sobol_0237_e583606c,cst_tip_nsga2_g05_child_0102_33bdf605,0.01743439276152327,0.009838293322813784,0.010756052099551763,1.0673218520430892,0.10587987573678781,False,False,True,False,True,False,,top_predicted_profile_proxy,46
raw_best_tier2,root:dae21|mid1:dae21|mid2:cst_mid2_seedless_sobol_0237_e583606c|tip:cst_tip_nsga2_g05_child_0032_70ef8136,dae21,dae21,cst_mid2_seedless_sobol_0237_e583606c,cst_tip_nsga2_g05_child_0032_70ef8136,0.01737511280192307,0.00983897310953315,0.010526181919783724,0.7709552173855811,0.07647987573678772,False,False,True,False,True,False,,top_predicted_profile_proxy,47
raw_best_tier2,root:cst_root_nsga2_g03_child_0090_3408e0ca|mid1:dae31|mid2:dae31|tip:cst_tip_nsga2_g05_child_0102_33bdf605,cst_root_nsga2_g03_child_0090_3408e0ca,dae31,dae31,cst_tip_nsga2_g05_child_0102_33bdf605,0.013334048560246158,0.009840655696398044,0.01077980208090841,1.6416477484024707,0.16310628609614475,False,False,True,False,True,False,,top_predicted_profile_proxy,48
raw_best_tier2,root:dae21|mid1:dae31|mid2:cst_mid2_nsga2_g01_child_0103_58b101ad|tip:cst_tip_nsga2_g05_child_0102_33bdf605,dae21,dae31,cst_mid2_nsga2_g01_child_0103_58b101ad,cst_tip_nsga2_g05_child_0102_33bdf605,0.013661644564040289,0.009842240518270956,0.010929604574546186,0.7709552173855811,0.07647987573678772,False,False,True,False,True,False,,top_predicted_profile_proxy,49
raw_best_tier2,root:dae31|mid1:dae31|mid2:cst_mid2_seedless_sobol_0377_ed2a45eb|tip:cst_tip_nsga2_g05_child_0102_33bdf605,dae31,dae31,cst_mid2_seedless_sobol_0377_ed2a45eb,cst_tip_nsga2_g05_child_0102_33bdf605,0.011484725156951854,0.009844392514837694,0.010853914176166367,1.3457398164752927,0.13370628609614466,False,True,True,False,True,False,,top_predicted_profile_proxy,50
raw_best_tier2,root:cst_root_nsga2_g04_child_0066_2124fc90|mid1:dae31|mid2:dae31|tip:cst_tip_nsga2_g05_child_0102_33bdf605,cst_root_nsga2_g04_child_0066_2124fc90,dae31,dae31,cst_tip_nsga2_g05_child_0102_33bdf605,0.011335549363348067,0.009847698304592926,0.010785238939523996,1.6416477484024707,0.16310628609614475,False,True,True,False,True,False,,top_predicted_profile_proxy,51
raw_best_tier2,root:dae11|mid1:dae31|mid2:cst_mid2_nsga2_g02_child_0106_7ea30168|tip:cst_tip_nsga2_g05_child_0102_33bdf605,dae11,dae31,cst_mid2_nsga2_g02_child_0106_7ea30168,cst_tip_nsga2_g05_child_0102_33bdf605,0.016328948443983575,0.009848823988709086,0.010929538828956952,1.2182035735556145,0.12067698742999489,False,False,True,False,True,False,,top_predicted_profile_proxy,52
raw_best_tier2,root:dae11|mid1:dae21|mid2:dae31|tip:cst_tip_nsga2_g05_child_0102_33bdf605,dae11,dae21,dae31,cst_tip_nsga2_g05_child_0102_33bdf605,0.01744859872298015,0.009849594822758295,0.010781143336473134,1.0673218520430892,0.10587987573678781,False,False,True,False,True,False,,top_predicted_profile_proxy,53
raw_best_tier2,root:fx76mp140|mid1:dae21|mid2:cst_mid2_nsga2_g02_child_0106_7ea30168|tip:cst_tip_nsga2_g05_child_0102_33bdf605,fx76mp140,dae21,cst_mid2_nsga2_g02_child_0106_7ea30168,cst_tip_nsga2_g05_child_0102_33bdf605,0.020391578216589767,0.00985000031447903,0.010909935813647962,1.0673218520430892,0.10587987573678781,False,False,True,False,True,False,,top_predicted_profile_proxy,54
raw_best_tier2,root:cst_root_nsga2_g04_child_0066_2124fc90|mid1:dae21|mid2:cst_mid2_nsga2_g01_child_0046_9585b968|tip:cst_tip_nsga2_g04_child_0123_01770232,cst_root_nsga2_g04_child_0066_2124fc90,dae21,cst_mid2_nsga2_g01_child_0046_9585b968,cst_tip_nsga2_g04_child_0123_01770232,0.016330481349801976,0.010740657573044711,0.011408998086262433,0.9753047233198282,0.1016406076723082,False,False,True,False,True,False,raw_best,known_policy_or_baseline,55
raw_best_tier2,root:cst_root_nsga2_g05_child_0019_00cc4dca|mid1:cst_mid1_nsga2_g06_child_0001_a86879e2|mid2:dae31|tip:dae41,cst_root_nsga2_g05_child_0019_00cc4dca,cst_mid1_nsga2_g06_child_0001_a86879e2,dae31,dae41,0.011841277243293185,0.010947374497220134,0.011287488439846524,3.2741468290833136,0.2720153344478995,False,True,True,False,True,False,policy_F,known_policy_or_baseline,56
raw_best_tier2,root:cst_root_nsga2_g05_child_0019_00cc4dca|mid1:cst_mid1_nsga2_g05_child_0114_b5496e0b|mid2:dae31|tip:clarkysm,cst_root_nsga2_g05_child_0019_00cc4dca,cst_mid1_nsga2_g05_child_0114_b5496e0b,dae31,clarkysm,0.011938572274619473,0.010950192696278255,0.011372950267014067,3.316254294188913,0.2720153344478995,False,True,True,False,False,False,conservative_best,known_policy_or_baseline,57
raw_best_tier2,root:fx76mp140|mid1:fx76mp140|mid2:clarkysm|tip:clarkysm,fx76mp140,fx76mp140,clarkysm,clarkysm,0.01863388207853408,0.011009179532339758,0.011673647157557988,1.3556411851091117,0.1204704323985415,True,False,True,False,False,True,old_fx_clark_baseline,known_policy_or_baseline,58
raw_best_tier2,root:dae11|mid1:dae11|mid2:clarkysm|tip:clarkysm,dae11,dae11,clarkysm,clarkysm,0.018948253391151262,0.011393858782957017,0.012065672469428173,1.2182035735556145,0.12067698742999489,True,False,True,False,False,False,policy_A,known_policy_or_baseline,59
raw_best_tier2,root:cst_root_nsga2_g05_child_0019_00cc4dca|mid1:cst_mid1_nsga2_g06_child_0001_a86879e2|mid2:clarkysm|tip:clarkysm,cst_root_nsga2_g05_child_0019_00cc4dca,cst_mid1_nsga2_g06_child_0001_a86879e2,clarkysm,clarkysm,0.013002648164867106,0.0118862176797797,0.01256518372394953,1.3556411851091117,0.13786865771533052,True,True,True,False,False,True,policy_C;policy_E;policy_G,known_policy_or_baseline,60
conservative_best_tier2,root:dae31|mid1:dae31|mid2:dae31|tip:cst_tip_nsga2_g05_child_0032_70ef8136,dae31,dae31,dae31,cst_tip_nsga2_g05_child_0032_70ef8136,0.01123603532712976,0.009688409736878543,0.01043214028047718,1.6054141240848567,0.1595062860961447,False,True,True,False,True,False,,top_predicted_profile_proxy,1
conservative_best_tier2,root:dae31|mid1:dae31|mid2:dae31|tip:cst_tip_nsga2_g05_child_0102_33bdf605,dae31,dae31,dae31,cst_tip_nsga2_g05_child_0102_33bdf605,0.011274381980422833,0.009694629108713285,0.010630478931011772,1.6054141240848567,0.1595062860961447,False,True,True,False,True,False,,top_predicted_profile_proxy,2
conservative_best_tier2,root:dae31|mid1:dae21|mid2:dae31|tip:cst_tip_nsga2_g05_child_0032_70ef8136,dae31,dae21,dae31,cst_tip_nsga2_g05_child_0032_70ef8136,0.015336486897443031,0.00974492702975624,0.010495863750215622,1.0310320600442102,0.10227987573678776,False,False,True,False,True,False,,top_predicted_profile_proxy,3
conservative_best_tier2,root:dae21|mid1:dae31|mid2:dae31|tip:cst_tip_nsga2_g05_child_0032_70ef8136,dae21,dae31,dae31,cst_tip_nsga2_g05_child_0032_70ef8136,0.013319546252808831,0.009744980724017669,0.010473929309247355,1.4523968671422964,0.1440798757367876,False,False,True,False,True,False,,top_predicted_profile_proxy,4
conservative_best_tier2,root:dae31|mid1:dae21|mid2:dae31|tip:cst_tip_nsga2_g05_child_0102_33bdf605,dae31,dae21,dae31,cst_tip_nsga2_g05_child_0102_33bdf605,0.015374833550736105,0.009751146401590981,0.010694202400750214,1.0310320600442102,0.10227987573678776,False,False,True,False,True,False,,top_predicted_profile_proxy,5
conservative_best_tier2,root:dae21|mid1:dae31|mid2:dae31|tip:cst_tip_nsga2_g05_child_0102_33bdf605,dae21,dae31,dae31,cst_tip_nsga2_g05_child_0102_33bdf605,0.013357892906101905,0.009751200095852411,0.010672267959781948,1.4523968671422964,0.1440798757367876,False,False,True,False,True,False,,top_predicted_profile_proxy,6
conservative_best_tier2,root:fx76mp140|mid1:dae31|mid2:dae31|tip:cst_tip_nsga2_g05_child_0032_70ef8136,fx76mp140,dae31,dae31,cst_tip_nsga2_g05_child_0032_70ef8136,0.01330633375877922,0.00976277363808431,0.010489163426040192,1.6054141240848567,0.1595062860961447,False,False,True,False,True,False,,top_predicted_profile_proxy,7
conservative_best_tier2,root:fx76mp140|mid1:dae31|mid2:dae31|tip:cst_tip_nsga2_g05_child_0102_33bdf605,fx76mp140,dae31,dae31,cst_tip_nsga2_g05_child_0102_33bdf605,0.013344680412072294,0.009768993009919052,0.010687502076574784,1.6054141240848567,0.1595062860961447,False,False,True,False,True,False,,top_predicted_profile_proxy,8
conservative_best_tier2,root:dae21|mid1:dae21|mid2:dae31|tip:cst_tip_nsga2_g05_child_0032_70ef8136,dae21,dae21,dae31,cst_tip_nsga2_g05_child_0032_70ef8136,0.017419997823122105,0.009801498016895364,0.0105376527789858,1.0310320600442102,0.10227987573678776,False,False,True,False,True,False,,top_predicted_profile_proxy,9
conservative_best_tier2,root:dae21|mid1:dae21|mid2:dae31|tip:cst_tip_nsga2_g05_child_0102_33bdf605,dae21,dae21,dae31,cst_tip_nsga2_g05_child_0102_33bdf605,0.01745834447641518,0.009807717388730106,0.010735991429520392,1.0310320600442102,0.10227987573678776,False,False,True,False,True,False,,top_predicted_profile_proxy,10
conservative_best_tier2,root:dae31|mid1:fx76mp140|mid2:dae31|tip:cst_tip_nsga2_g05_child_0032_70ef8136,dae31,fx76mp140,dae31,cst_tip_nsga2_g05_child_0032_70ef8136,0.015363441669676606,0.009808341121655339,0.010572090139723841,1.8857486203213687,0.14627043239854154,False,False,True,False,True,False,,top_predicted_profile_proxy,11
conservative_best_tier2,root:dae31|mid1:fx76mp140|mid2:dae31|tip:cst_tip_nsga2_g05_child_0102_33bdf605,dae31,fx76mp140,dae31,cst_tip_nsga2_g05_child_0102_33bdf605,0.01540178832296968,0.00981456049349008,0.010770428790258434,1.8857486203213687,0.14627043239854154,False,False,True,False,True,False,,top_predicted_profile_proxy,12
conservative_best_tier2,root:fx76mp140|mid1:dae21|mid2:dae31|tip:cst_tip_nsga2_g05_child_0032_70ef8136,fx76mp140,dae21,dae31,cst_tip_nsga2_g05_child_0032_70ef8136,0.017406785329092494,0.009819290930962005,0.010552886895778634,1.0310320600442102,0.10227987573678776,False,False,True,False,True,False,,top_predicted_profile_proxy,13
conservative_best_tier2,root:fx76mp140|mid1:dae21|mid2:dae31|tip:cst_tip_nsga2_g05_child_0102_33bdf605,fx76mp140,dae21,dae31,cst_tip_nsga2_g05_child_0102_33bdf605,0.017445131982385568,0.009825510302796747,0.010751225546313227,1.0310320600442102,0.10227987573678776,False,False,True,False,True,False,,top_predicted_profile_proxy,14
conservative_best_tier2,root:dae21|mid1:fx76mp140|mid2:dae31|tip:cst_tip_nsga2_g05_child_0032_70ef8136,dae21,fx76mp140,dae31,cst_tip_nsga2_g05_child_0032_70ef8136,0.01744695259535568,0.009864912108794463,0.010613879168494019,1.4523968671422964,0.1440798757367876,False,False,True,False,True,False,,top_predicted_profile_proxy,15
conservative_best_tier2,root:dae21|mid1:fx76mp140|mid2:dae31|tip:cst_tip_nsga2_g05_child_0102_33bdf605,dae21,fx76mp140,dae31,cst_tip_nsga2_g05_child_0102_33bdf605,0.017485299248648754,0.009871131480629205,0.010812217819028611,1.4523968671422964,0.1440798757367876,False,False,True,False,True,False,,top_predicted_profile_proxy,16
conservative_best_tier2,root:fx76mp140|mid1:fx76mp140|mid2:dae31|tip:cst_tip_nsga2_g05_child_0032_70ef8136,fx76mp140,fx76mp140,dae31,cst_tip_nsga2_g05_child_0032_70ef8136,0.01743374010132607,0.009882705022861104,0.010629113285286854,1.8857486203213687,0.14627043239854154,False,False,True,False,True,False,,top_predicted_profile_proxy,17
conservative_best_tier2,root:dae31|mid1:cst_mid1_nsga2_g04_child_0075_96fc4d1a|mid2:dae31|tip:cst_tip_nsga2_g05_child_0032_70ef8136,dae31,cst_mid1_nsga2_g04_child_0075_96fc4d1a,dae31,cst_tip_nsga2_g05_child_0032_70ef8136,0.015162433837112773,0.009886455814382376,0.010592794133162579,2.026126761994923,0.20130628609614454,False,False,True,False,True,False,,top_predicted_profile_proxy,18
conservative_best_tier2,root:fx76mp140|mid1:fx76mp140|mid2:dae31|tip:cst_tip_nsga2_g05_child_0102_33bdf605,fx76mp140,fx76mp140,dae31,cst_tip_nsga2_g05_child_0102_33bdf605,0.017472086754619143,0.009888924394695846,0.010827451935821446,1.8857486203213687,0.14627043239854154,False,False,True,False,True,False,,top_predicted_profile_proxy,19
conservative_best_tier2,root:dae11|mid1:dae31|mid2:dae31|tip:cst_tip_nsga2_g05_child_0032_70ef8136,dae11,dae31,dae31,cst_tip_nsga2_g05_child_0032_70ef8136,0.013419075169954792,0.009889713676910244,0.0106160941878829,1.6054141240848567,0.1595062860961447,False,False,True,False,True,False,,top_predicted_profile_proxy,20
conservative_best_tier2,root:dae31|mid1:cst_mid1_nsga2_g04_child_0075_96fc4d1a|mid2:dae31|tip:cst_tip_nsga2_g05_child_0102_33bdf605,dae31,cst_mid1_nsga2_g04_child_0075_96fc4d1a,dae31,cst_tip_nsga2_g05_child_0102_33bdf605,0.015200780490405847,0.009892675186217118,0.010791132783697172,2.026126761994923,0.20130628609614454,False,False,True,False,True,False,,top_predicted_profile_proxy,21
conservative_best_tier2,root:dae11|mid1:dae31|mid2:dae31|tip:cst_tip_nsga2_g05_child_0102_33bdf605,dae11,dae31,dae31,cst_tip_nsga2_g05_child_0102_33bdf605,0.013457421823247866,0.009895933048744986,0.010814432838417492,1.6054141240848567,0.1595062860961447,False,False,True,False,True,False,,top_predicted_profile_proxy,22
conservative_best_tier2,root:dae31|mid1:dae31|mid2:dae31|tip:cst_tip_nsga2_g06_child_0056_b3f9b7c4,dae31,dae31,dae31,cst_tip_nsga2_g06_child_0056_b3f9b7c4,0.011371496664754743,0.009912796942599151,0.010318187549212425,1.6054141240848567,0.1595062860961447,False,True,True,False,True,False,,top_predicted_profile_proxy,23
conservative_best_tier2,root:dae31|mid1:dae31|mid2:dae31|tip:cst_tip_nsga2_g02_child_0093_97ccea59,dae31,dae31,dae31,cst_tip_nsga2_g02_child_0093_97ccea59,0.011321745983541801,0.009914873547906428,0.010242109974200043,1.6054141240848567,0.1595062860961447,False,True,True,False,True,False,,top_predicted_profile_proxy,24
conservative_best_tier2,root:dae31|mid1:dae31|mid2:dae21|tip:cst_tip_nsga2_g05_child_0032_70ef8136,dae31,dae31,dae21,cst_tip_nsga2_g05_child_0032_70ef8136,0.01422421827637165,0.009920864539597283,0.010661522945508187,1.6054141240848567,0.1595062860961447,False,False,True,False,True,False,,top_predicted_profile_proxy,25
conservative_best_tier2,root:dae31|mid1:dae31|mid2:dae21|tip:cst_tip_nsga2_g05_child_0102_33bdf605,dae31,dae31,dae21,cst_tip_nsga2_g05_child_0102_33bdf605,0.014262564929664724,0.009927083911432025,0.01085986159604278,1.6054141240848567,0.1595062860961447,False,False,True,False,True,False,,top_predicted_profile_proxy,26
conservative_best_tier2,root:dae31|mid1:dae31|mid2:dae31|tip:dae41,dae31,dae31,dae31,dae41,0.011344126492413818,0.009938485854860183,0.010296230305489335,1.6054141240848567,0.1595062860961447,False,True,True,False,True,False,,top_predicted_profile_proxy,27
conservative_best_tier2,root:cst_root_nsga2_g04_child_0066_2124fc90|mid1:dae31|mid2:dae31|tip:cst_tip_nsga2_g05_child_0032_70ef8136,cst_root_nsga2_g04_child_0066_2124fc90,dae31,dae31,cst_tip_nsga2_g05_child_0032_70ef8136,0.011399164709571545,0.00993909398690878,0.010652615713147542,1.6054141240848567,0.1595062860961447,False,True,True,False,True,False,,top_predicted_profile_proxy,28
conservative_best_tier2,root:dae21|mid1:cst_mid1_nsga2_g04_child_0075_96fc4d1a|mid2:dae31|tip:cst_tip_nsga2_g05_child_0032_70ef8136,dae21,cst_mid1_nsga2_g04_child_0075_96fc4d1a,dae31,cst_tip_nsga2_g05_child_0032_70ef8136,0.017245944762791846,0.0099430268015215,0.010634583161932757,1.4523968671422964,0.1440798757367876,False,False,True,False,True,False,,top_predicted_profile_proxy,29
conservative_best_tier2,root:cst_root_nsga2_g04_child_0066_2124fc90|mid1:dae31|mid2:dae31|tip:cst_tip_nsga2_g05_child_0102_33bdf605,cst_root_nsga2_g04_child_0066_2124fc90,dae31,dae31,cst_tip_nsga2_g05_child_0102_33bdf605,0.01143751136286462,0.009945313358743522,0.010850954363682134,1.6054141240848567,0.1595062860961447,False,True,True,False,True,False,,top_predicted_profile_proxy,30
conservative_best_tier2,root:dae11|mid1:dae21|mid2:dae31|tip:cst_tip_nsga2_g05_child_0032_70ef8136,dae11,dae21,dae31,cst_tip_nsga2_g05_child_0032_70ef8136,0.017519526740268066,0.00994623096978794,0.010679817657621342,1.0310320600442102,0.10227987573678776,False,False,True,False,True,False,,top_predicted_profile_proxy,31
conservative_best_tier2,root:dae21|mid1:cst_mid1_nsga2_g04_child_0075_96fc4d1a|mid2:dae31|tip:cst_tip_nsga2_g05_child_0102_33bdf605,dae21,cst_mid1_nsga2_g04_child_0075_96fc4d1a,dae31,cst_tip_nsga2_g05_child_0102_33bdf605,0.01728429141608492,0.009949246173356243,0.01083292181246735,1.4523968671422964,0.1440798757367876,False,False,True,False,True,False,,top_predicted_profile_proxy,32
conservative_best_tier2,root:dae11|mid1:dae21|mid2:dae31|tip:cst_tip_nsga2_g05_child_0102_33bdf605,dae11,dae21,dae31,cst_tip_nsga2_g05_child_0102_33bdf605,0.01755787339356114,0.009952450341622681,0.010878156308155935,1.0310320600442102,0.10227987573678776,False,False,True,False,True,False,,top_predicted_profile_proxy,33
conservative_best_tier2,root:dae31|mid1:dae31|mid2:dae31|tip:clarkysm,dae31,dae31,dae31,clarkysm,0.011403972336074214,0.00995701461843833,0.010362184801936385,1.6054141240848567,0.1595062860961447,False,True,True,False,False,False,,top_predicted_profile_proxy,34
conservative_best_tier2,root:fx76mp140|mid1:cst_mid1_nsga2_g04_child_0075_96fc4d1a|mid2:dae31|tip:cst_tip_nsga2_g05_child_0032_70ef8136,fx76mp140,cst_mid1_nsga2_g04_child_0075_96fc4d1a,dae31,cst_tip_nsga2_g05_child_0032_70ef8136,0.017232732268762235,0.009960819715588142,0.010649817278725592,2.1651800598573616,0.18807043239854138,False,False,True,False,True,False,,top_predicted_profile_proxy,35
conservative_best_tier2,root:fx76mp140|mid1:cst_mid1_nsga2_g04_child_0075_96fc4d1a|mid2:dae31|tip:cst_tip_nsga2_g05_child_0102_33bdf605,fx76mp140,cst_mid1_nsga2_g04_child_0075_96fc4d1a,dae31,cst_tip_nsga2_g05_child_0102_33bdf605,0.01727107892205531,0.009967039087422884,0.010848155929260184,2.4246428523057335,0.18807043239854138,False,False,True,False,True,False,,top_predicted_profile_proxy,36
conservative_best_tier2,root:dae31|mid1:dae21|mid2:dae31|tip:cst_tip_nsga2_g06_child_0056_b3f9b7c4,dae31,dae21,dae31,cst_tip_nsga2_g06_child_0056_b3f9b7c4,0.015471948235068015,0.009969314235476848,0.010381911018950868,1.0310320600442102,0.10227987573678776,False,False,True,False,True,False,,top_predicted_profile_proxy,37
conservative_best_tier2,root:dae21|mid1:dae31|mid2:dae31|tip:cst_tip_nsga2_g06_child_0056_b3f9b7c4,dae21,dae31,dae31,cst_tip_nsga2_g06_child_0056_b3f9b7c4,0.013455007590433814,0.009969367929738277,0.010359976577982601,1.4523968671422964,0.1440798757367876,False,False,True,False,True,False,,top_predicted_profile_proxy,38
conservative_best_tier2,root:dae31|mid1:dae21|mid2:dae31|tip:cst_tip_nsga2_g02_child_0093_97ccea59,dae31,dae21,dae31,cst_tip_nsga2_g02_child_0093_97ccea59,0.015422197553855073,0.009971390840784125,0.010305833443938485,1.0310320600442102,0.10227987573678776,False,False,True,False,True,False,,top_predicted_profile_proxy,39
conservative_best_tier2,root:dae21|mid1:dae31|mid2:dae31|tip:cst_tip_nsga2_g02_child_0093_97ccea59,dae21,dae31,dae31,cst_tip_nsga2_g02_child_0093_97ccea59,0.013405256909220873,0.009971444535045554,0.010283899002970219,1.4523968671422964,0.1440798757367876,False,False,True,False,True,False,,top_predicted_profile_proxy,40
conservative_best_tier2,root:dae31|mid1:dae31|mid2:dae31|tip:cst_tip_nsga2_g06_child_0069_48b22f3d,dae31,dae31,dae31,cst_tip_nsga2_g06_child_0069_48b22f3d,0.011381794718539685,0.009971486633387636,0.010357696223003268,1.6054141240848567,0.1595062860961447,False,True,True,False,True,False,,top_predicted_profile_proxy,41
conservative_best_tier2,root:dae31|mid1:dae31|mid2:cst_mid2_seedless_sobol_0377_ed2a45eb|tip:cst_tip_nsga2_g05_child_0032_70ef8136,dae31,dae31,cst_mid2_seedless_sobol_0377_ed2a45eb,cst_tip_nsga2_g05_child_0032_70ef8136,0.011635709596611603,0.009976018579598872,0.010808083320839748,1.4433317835759323,0.1595062860961447,False,True,True,False,True,False,,top_predicted_profile_proxy,42
conservative_best_tier2,root:dae31|mid1:dae21|mid2:dae21|tip:cst_tip_nsga2_g05_child_0032_70ef8136,dae31,dae21,dae21,cst_tip_nsga2_g05_child_0032_70ef8136,0.018324669846684925,0.00997738183247498,0.010725246415246631,1.0310320600442102,0.10227987573678776,False,False,True,False,True,False,,top_predicted_profile_proxy,43
conservative_best_tier2,root:dae21|mid1:dae31|mid2:dae21|tip:cst_tip_nsga2_g05_child_0032_70ef8136,dae21,dae31,dae21,cst_tip_nsga2_g05_child_0032_70ef8136,0.016307729202050723,0.009977435526736408,0.010703311974278363,1.4523968671422964,0.1440798757367876,False,False,True,False,True,False,,top_predicted_profile_proxy,44
conservative_best_tier2,root:dae31|mid1:dae31|mid2:cst_mid2_seedless_sobol_0377_ed2a45eb|tip:cst_tip_nsga2_g05_child_0102_33bdf605,dae31,dae31,cst_mid2_seedless_sobol_0377_ed2a45eb,cst_tip_nsga2_g05_child_0102_33bdf605,0.011674056249904677,0.009982237951433614,0.011006421971374341,1.4433317835759323,0.1595062860961447,False,True,True,False,True,False,,top_predicted_profile_proxy,45
conservative_best_tier2,root:dae31|mid1:dae21|mid2:dae21|tip:cst_tip_nsga2_g05_child_0102_33bdf605,dae31,dae21,dae21,cst_tip_nsga2_g05_child_0102_33bdf605,0.018363016499978,0.009983601204309722,0.010923585065781224,1.0310320600442102,0.10227987573678776,False,False,True,False,True,False,,top_predicted_profile_proxy,46
conservative_best_tier2,root:dae21|mid1:dae31|mid2:dae21|tip:cst_tip_nsga2_g05_child_0102_33bdf605,dae21,dae31,dae21,cst_tip_nsga2_g05_child_0102_33bdf605,0.016346075855343797,0.00998365489857115,0.010901650624812955,1.4523968671422964,0.1440798757367876,False,False,True,False,True,False,,top_predicted_profile_proxy,47
conservative_best_tier2,root:fx76mp140|mid1:dae31|mid2:dae31|tip:cst_tip_nsga2_g06_child_0056_b3f9b7c4,fx76mp140,dae31,dae31,cst_tip_nsga2_g06_child_0056_b3f9b7c4,0.013441795096404204,0.009987160843804918,0.010375210694775438,1.6054141240848567,0.1595062860961447,False,False,True,False,True,False,,top_predicted_profile_proxy,48
conservative_best_tier2,root:fx76mp140|mid1:dae31|mid2:dae31|tip:cst_tip_nsga2_g02_child_0093_97ccea59,fx76mp140,dae31,dae31,cst_tip_nsga2_g02_child_0093_97ccea59,0.013392044415191262,0.009989237449112195,0.010299133119763056,1.6054141240848567,0.1595062860961447,False,False,True,False,True,False,,top_predicted_profile_proxy,49
conservative_best_tier2,root:dae31|mid1:dae31|mid2:dae31|tip:cst_tip_nsga2_g02_child_0073_ab290648,dae31,dae31,dae31,cst_tip_nsga2_g02_child_0073_ab290648,0.011399662901049913,0.009993154083559275,0.010346793270918486,1.6054141240848567,0.1595062860961447,False,True,True,False,True,False,,top_predicted_profile_proxy,50
conservative_best_tier2,root:dae31|mid1:dae21|mid2:dae31|tip:dae41,dae31,dae21,dae31,dae41,0.01544457806272709,0.00999500314773788,0.010359953775227778,1.0310320600442102,0.10227987573678776,False,False,True,False,True,False,,top_predicted_profile_proxy,51
conservative_best_tier2,root:dae21|mid1:dae31|mid2:dae31|tip:dae41,dae21,dae31,dae31,dae41,0.01342763741809289,0.00999505684199931,0.010338019334259511,1.4523968671422964,0.1440798757367876,False,False,True,False,True,False,,top_predicted_profile_proxy,52
conservative_best_tier2,root:fx76mp140|mid1:dae31|mid2:dae21|tip:cst_tip_nsga2_g05_child_0032_70ef8136,fx76mp140,dae31,dae21,cst_tip_nsga2_g05_child_0032_70ef8136,0.016294516708021112,0.009995228440803049,0.0107185460910712,1.6054141240848567,0.1595062860961447,False,False,True,False,True,False,,top_predicted_profile_proxy,53
conservative_best_tier2,root:cst_root_nsga2_g04_child_0066_2124fc90|mid1:dae21|mid2:dae31|tip:cst_tip_nsga2_g05_child_0032_70ef8136,cst_root_nsga2_g04_child_0066_2124fc90,dae21,dae31,cst_tip_nsga2_g05_child_0032_70ef8136,0.01549961627988482,0.009995611279786477,0.010716339182885986,1.0310320600442102,0.10227987573678776,False,False,True,False,True,False,,top_predicted_profile_proxy,54
conservative_best_tier2,root:cst_root_nsga2_g04_child_0066_2124fc90|mid1:dae21|mid2:cst_mid2_nsga2_g01_child_0046_9585b968|tip:cst_tip_nsga2_g04_child_0123_01770232,cst_root_nsga2_g04_child_0066_2124fc90,dae21,cst_mid2_nsga2_g01_child_0046_9585b968,cst_tip_nsga2_g04_child_0123_01770232,0.016425904470413113,0.010756335491059435,0.011407921661671518,0.1347283462258734,0.014040607672308303,False,False,True,False,True,False,raw_best,known_policy_or_baseline,55
conservative_best_tier2,root:cst_root_nsga2_g05_child_0019_00cc4dca|mid1:cst_mid1_nsga2_g06_child_0001_a86879e2|mid2:dae31|tip:dae41,cst_root_nsga2_g05_child_0019_00cc4dca,cst_mid1_nsga2_g06_child_0001_a86879e2,dae31,dae41,0.011947862552809252,0.0109721958058448,0.011347373115825909,2.4599237642419083,0.24440628609614468,False,True,True,False,True,False,policy_F,known_policy_or_baseline,56
conservative_best_tier2,root:cst_root_nsga2_g05_child_0019_00cc4dca|mid1:cst_mid1_nsga2_g05_child_0114_b5496e0b|mid2:dae31|tip:clarkysm,cst_root_nsga2_g05_child_0019_00cc4dca,cst_mid1_nsga2_g05_child_0114_b5496e0b,dae31,clarkysm,0.012053022980700882,0.010995291359076703,0.011419738400667508,2.4599237642419083,0.24440628609614468,False,True,True,False,False,False,conservative_best,known_policy_or_baseline,57
conservative_best_tier2,root:fx76mp140|mid1:fx76mp140|mid2:clarkysm|tip:clarkysm,fx76mp140,fx76mp140,clarkysm,clarkysm,0.020059402642267903,0.012238676419379388,0.013435610791412981,0.494283935510293,0.05026865771533062,True,False,True,False,False,True,old_fx_clark_baseline,known_policy_or_baseline,58
conservative_best_tier2,root:dae11|mid1:dae11|mid2:clarkysm|tip:clarkysm,dae11,dae11,clarkysm,clarkysm,0.02041499543049938,0.012647739647161831,0.013858995369982228,0.494283935510293,0.05026865771533062,True,False,True,False,False,False,policy_A,known_policy_or_baseline,59
conservative_best_tier2,root:cst_root_nsga2_g05_child_0019_00cc4dca|mid1:cst_mid1_nsga2_g06_child_0001_a86879e2|mid2:clarkysm|tip:clarkysm,cst_root_nsga2_g05_child_0019_00cc4dca,cst_mid1_nsga2_g06_child_0001_a86879e2,clarkysm,clarkysm,0.014465433928467029,0.013078091084381441,0.014289780596939878,0.494283935510293,0.05026865771533062,True,True,True,False,False,True,policy_C;policy_E;policy_G,known_policy_or_baseline,60
policy_A_performance_candidate,root:dae31|mid1:dae31|mid2:dae31|tip:cst_tip_nsga2_g05_child_0032_70ef8136,dae31,dae31,dae31,cst_tip_nsga2_g05_child_0032_70ef8136,0.010987401138439417,0.009550230109401099,0.010218215611066868,1.6198096429033422,0.15949485912662387,False,True,True,False,True,False,,top_predicted_profile_proxy,1
policy_A_performance_candidate,root:dae31|mid1:dae31|mid2:dae31|tip:cst_tip_nsga2_g05_child_0102_33bdf605,dae31,dae31,dae31,cst_tip_nsga2_g05_child_0102_33bdf605,0.010996701733824958,0.009572904277929825,0.010406041723425779,1.9093739725270586,0.1897062860961447,False,True,True,False,True,False,,top_predicted_profile_proxy,2
policy_A_performance_candidate,root:dae21|mid1:dae31|mid2:dae31|tip:cst_tip_nsga2_g05_child_0032_70ef8136,dae21,dae31,dae31,cst_tip_nsga2_g05_child_0032_70ef8136,0.013053234004238485,0.009584961547012785,0.010247523430002183,1.360664337367355,0.1349798757367877,False,False,True,False,True,False,,top_predicted_profile_proxy,3
policy_A_performance_candidate,root:fx76mp140|mid1:dae31|mid2:dae31|tip:cst_tip_nsga2_g05_child_0032_70ef8136,fx76mp140,dae31,dae31,cst_tip_nsga2_g05_child_0032_70ef8136,0.013032501559481973,0.009591375971743872,0.010256046832195422,1.6198096429033422,0.15949485912662387,False,False,True,False,True,False,,top_predicted_profile_proxy,4
policy_A_performance_candidate,root:dae21|mid1:dae31|mid2:dae31|tip:cst_tip_nsga2_g05_child_0102_33bdf605,dae21,dae31,dae31,cst_tip_nsga2_g05_child_0102_33bdf605,0.013062534599624028,0.009607635715541513,0.010435349542361094,1.360664337367355,0.1349798757367877,False,False,True,False,True,False,,top_predicted_profile_proxy,5
policy_A_performance_candidate,root:fx76mp140|mid1:dae31|mid2:dae31|tip:cst_tip_nsga2_g05_child_0102_33bdf605,fx76mp140,dae31,dae31,cst_tip_nsga2_g05_child_0102_33bdf605,0.013041802154867516,0.009614050140272598,0.010443872944554332,1.9093739725270586,0.1789704323985415,False,False,True,False,True,False,,top_predicted_profile_proxy,6
policy_A_performance_candidate,root:dae31|mid1:dae31|mid2:cst_mid2_seedless_sobol_0237_e583606c|tip:cst_tip_nsga2_g05_child_0032_70ef8136,dae31,dae31,cst_mid2_seedless_sobol_0237_e583606c,cst_tip_nsga2_g05_child_0032_70ef8136,0.011061597006940812,0.009635439811334402,0.01030579166515556,1.6198096429033422,0.15949485912662387,False,True,True,False,True,False,,top_predicted_profile_proxy,7
policy_A_performance_candidate,root:dae31|mid1:dae31|mid2:cst_mid2_seedless_sobol_0237_e583606c|tip:cst_tip_nsga2_g05_child_0102_33bdf605,dae31,dae31,cst_mid2_seedless_sobol_0237_e583606c,cst_tip_nsga2_g05_child_0102_33bdf605,0.011070897602326353,0.00965811397986313,0.010493617777514471,1.9093739725270586,0.1897062860961447,False,True,True,False,True,False,,top_predicted_profile_proxy,8
policy_A_performance_candidate,root:dae21|mid1:dae31|mid2:cst_mid2_seedless_sobol_0237_e583606c|tip:cst_tip_nsga2_g05_child_0032_70ef8136,dae21,dae31,cst_mid2_seedless_sobol_0237_e583606c,cst_tip_nsga2_g05_child_0032_70ef8136,0.01312742987273988,0.009670171248946091,0.010335099484090875,1.360664337367355,0.1349798757367877,False,False,True,False,True,False,,top_predicted_profile_proxy,9
policy_A_performance_candidate,root:fx76mp140|mid1:dae31|mid2:cst_mid2_seedless_sobol_0237_e583606c|tip:cst_tip_nsga2_g05_child_0032_70ef8136,fx76mp140,dae31,cst_mid2_seedless_sobol_0237_e583606c,cst_tip_nsga2_g05_child_0032_70ef8136,0.013106697427983368,0.009676585673677178,0.010343622886284114,1.6198096429033422,0.15949485912662387,False,False,True,False,True,False,,top_predicted_profile_proxy,10
policy_A_performance_candidate,root:dae31|mid1:dae21|mid2:dae31|tip:cst_tip_nsga2_g05_child_0032_70ef8136,dae31,dae21,dae31,cst_tip_nsga2_g05_child_0032_70ef8136,0.015155215801202802,0.009676715983621294,0.010351839600344205,1.33546309292369,0.13247987573678777,False,False,True,False,True,False,,top_predicted_profile_proxy,11
policy_A_performance_candidate,root:dae21|mid1:dae31|mid2:cst_mid2_seedless_sobol_0237_e583606c|tip:cst_tip_nsga2_g05_child_0102_33bdf605,dae21,dae31,cst_mid2_seedless_sobol_0237_e583606c,cst_tip_nsga2_g05_child_0102_33bdf605,0.013136730468125421,0.009692845417474819,0.010522925596449786,1.360664337367355,0.1349798757367877,False,False,True,False,True,False,,top_predicted_profile_proxy,12
policy_A_performance_candidate,root:dae31|mid1:dae31|mid2:cst_mid2_nsga2_g02_child_0106_7ea30168|tip:cst_tip_nsga2_g05_child_0032_70ef8136,dae31,dae31,cst_mid2_nsga2_g02_child_0106_7ea30168,cst_tip_nsga2_g05_child_0032_70ef8136,0.01405641881657968,0.009693849261353336,0.010479901813213502,1.3744249170615004,0.15449495326258122,False,False,True,False,True,False,,top_predicted_profile_proxy,13
policy_A_performance_candidate,root:dae31|mid1:dae31|mid2:cst_mid2_seedless_sobol_0377_ed2a45eb|tip:cst_tip_nsga2_g05_child_0032_70ef8136,dae31,dae31,cst_mid2_seedless_sobol_0377_ed2a45eb,cst_tip_nsga2_g05_child_0032_70ef8136,0.011215415751169178,0.00969457856202164,0.010421875910202442,1.6198096429033422,0.15949485912662387,False,True,True,False,True,False,,top_predicted_profile_proxy,14
policy_A_performance_candidate,root:fx76mp140|mid1:dae31|mid2:cst_mid2_seedless_sobol_0237_e583606c|tip:cst_tip_nsga2_g05_child_0102_33bdf605,fx76mp140,dae31,cst_mid2_seedless_sobol_0237_e583606c,cst_tip_nsga2_g05_child_0102_33bdf605,0.01311599802336891,0.009699259842205904,0.010531448998643025,1.9093739725270586,0.1789704323985415,False,False,True,False,True,False,,top_predicted_profile_proxy,15
policy_A_performance_candidate,root:dae31|mid1:dae21|mid2:dae31|tip:cst_tip_nsga2_g05_child_0102_33bdf605,dae31,dae21,dae31,cst_tip_nsga2_g05_child_0102_33bdf605,0.015164516396588343,0.009699390152150022,0.010539665712703115,1.33546309292369,0.13247987573678777,False,False,True,False,True,False,,top_predicted_profile_proxy,16
policy_A_performance_candidate,root:dae21|mid1:dae21|mid2:dae31|tip:cst_tip_nsga2_g05_child_0032_70ef8136,dae21,dae21,dae31,cst_tip_nsga2_g05_child_0032_70ef8136,0.01722104866700187,0.009711447421232984,0.01038114741927952,1.33546309292369,0.13247987573678777,False,False,True,False,True,False,,top_predicted_profile_proxy,17
policy_A_performance_candidate,root:dae11|mid1:dae31|mid2:dae31|tip:cst_tip_nsga2_g05_child_0032_70ef8136,dae11,dae31,dae31,cst_tip_nsga2_g05_child_0032_70ef8136,0.013137778935443826,0.009711725815339786,0.01037876430646111,1.6198096429033422,0.15949485912662387,False,False,True,False,True,False,,top_predicted_profile_proxy,18
policy_A_performance_candidate,root:dae31|mid1:dae31|mid2:cst_mid2_nsga2_g02_child_0106_7ea30168|tip:cst_tip_nsga2_g05_child_0102_33bdf605,dae31,dae31,cst_mid2_nsga2_g02_child_0106_7ea30168,cst_tip_nsga2_g05_child_0102_33bdf605,0.014065719411965221,0.009716523429882063,0.010667727925572412,1.3744249170615004,0.15449495326258122,False,False,True,False,True,False,,top_predicted_profile_proxy,19
policy_A_performance_candidate,root:dae31|mid1:dae31|mid2:cst_mid2_seedless_sobol_0377_ed2a45eb|tip:cst_tip_nsga2_g05_child_0102_33bdf605,dae31,dae31,cst_mid2_seedless_sobol_0377_ed2a45eb,cst_tip_nsga2_g05_child_0102_33bdf605,0.01122471634655472,0.009717252730550368,0.010609702022561352,1.9093739725270586,0.1897062860961447,False,True,True,False,True,False,,top_predicted_profile_proxy,20
policy_A_performance_candidate,root:fx76mp140|mid1:dae21|mid2:dae31|tip:cst_tip_nsga2_g05_child_0032_70ef8136,fx76mp140,dae21,dae31,cst_tip_nsga2_g05_child_0032_70ef8136,0.017200316222245358,0.009717861845964071,0.010389670821472758,1.33546309292369,0.13247987573678777,False,False,True,False,True,False,,top_predicted_profile_proxy,21
policy_A_performance_candidate,root:dae21|mid1:dae31|mid2:cst_mid2_nsga2_g02_child_0106_7ea30168|tip:cst_tip_nsga2_g05_child_0032_70ef8136,dae21,dae31,cst_mid2_nsga2_g02_child_0106_7ea30168,cst_tip_nsga2_g05_child_0032_70ef8136,0.01612225168237875,0.009728580698965022,0.010509209632148816,1.360664337367355,0.1349798757367877,False,False,True,False,True,False,,top_predicted_profile_proxy,22
policy_A_performance_candidate,root:dae21|mid1:dae31|mid2:cst_mid2_seedless_sobol_0377_ed2a45eb|tip:cst_tip_nsga2_g05_child_0032_70ef8136,dae21,dae31,cst_mid2_seedless_sobol_0377_ed2a45eb,cst_tip_nsga2_g05_child_0032_70ef8136,0.013281248616968246,0.00972930999963333,0.010451183729137756,1.360664337367355,0.1349798757367877,False,False,True,False,True,False,,top_predicted_profile_proxy,23
policy_A_performance_candidate,root:dae21|mid1:dae21|mid2:dae31|tip:cst_tip_nsga2_g05_child_0102_33bdf605,dae21,dae21,dae31,cst_tip_nsga2_g05_child_0102_33bdf605,0.01723034926238741,0.00973412158976171,0.01056897353163843,1.33546309292369,0.13247987573678777,False,False,True,False,True,False,,top_predicted_profile_proxy,24
policy_A_performance_candidate,root:dae11|mid1:dae31|mid2:dae31|tip:cst_tip_nsga2_g05_child_0102_33bdf605,dae11,dae31,dae31,cst_tip_nsga2_g05_child_0102_33bdf605,0.013147079530829369,0.009734399983868514,0.010566590418820021,1.8087462326880732,0.17917698742999488,False,False,True,False,True,False,,top_predicted_profile_proxy,25
policy_A_performance_candidate,root:fx76mp140|mid1:dae31|mid2:cst_mid2_nsga2_g02_child_0106_7ea30168|tip:cst_tip_nsga2_g05_child_0032_70ef8136,fx76mp140,dae31,cst_mid2_nsga2_g02_child_0106_7ea30168,cst_tip_nsga2_g05_child_0032_70ef8136,0.01610151923762224,0.009734995123696109,0.010517733034342055,1.3744249170615004,0.15449495326258122,False,False,True,False,True,False,,top_predicted_profile_proxy,26
policy_A_performance_candidate,root:fx76mp140|mid1:dae31|mid2:cst_mid2_seedless_sobol_0377_ed2a45eb|tip:cst_tip_nsga2_g05_child_0032_70ef8136,fx76mp140,dae31,cst_mid2_seedless_sobol_0377_ed2a45eb,cst_tip_nsga2_g05_child_0032_70ef8136,0.013260516172211734,0.009735724424364413,0.010459707131330995,1.6198096429033422,0.15949485912662387,False,False,True,False,True,False,,top_predicted_profile_proxy,27
policy_A_performance_candidate,root:fx76mp140|mid1:dae21|mid2:dae31|tip:cst_tip_nsga2_g05_child_0102_33bdf605,fx76mp140,dae21,dae31,cst_tip_nsga2_g05_child_0102_33bdf605,0.017209616817630898,0.009740536014492797,0.010577496933831669,1.33546309292369,0.13247987573678777,False,False,True,False,True,False,,top_predicted_profile_proxy,28
policy_A_performance_candidate,root:dae21|mid1:dae31|mid2:cst_mid2_nsga2_g02_child_0106_7ea30168|tip:cst_tip_nsga2_g05_child_0102_33bdf605,dae21,dae31,cst_mid2_nsga2_g02_child_0106_7ea30168,cst_tip_nsga2_g05_child_0102_33bdf605,0.01613155227776429,0.00975125486749375,0.010697035744507727,1.360664337367355,0.1349798757367877,False,False,True,False,True,False,,top_predicted_profile_proxy,29
policy_A_performance_candidate,root:dae21|mid1:dae31|mid2:cst_mid2_seedless_sobol_0377_ed2a45eb|tip:cst_tip_nsga2_g05_child_0102_33bdf605,dae21,dae31,cst_mid2_seedless_sobol_0377_ed2a45eb,cst_tip_nsga2_g05_child_0102_33bdf605,0.01329054921235379,0.009751984168162055,0.010639009841496667,1.360664337367355,0.1349798757367877,False,False,True,False,True,False,,top_predicted_profile_proxy,30
policy_A_performance_candidate,root:dae31|mid1:dae31|mid2:cst_mid2_nsga2_g01_child_0103_58b101ad|tip:cst_tip_nsga2_g05_child_0032_70ef8136,dae31,dae31,cst_mid2_nsga2_g01_child_0103_58b101ad,cst_tip_nsga2_g05_child_0032_70ef8136,0.011418968386497811,0.009753227401188308,0.01056199909916769,1.3310162400635581,0.14628098115205046,False,True,True,False,True,False,,top_predicted_profile_proxy,31
policy_A_performance_candidate,root:fx76mp140|mid1:dae31|mid2:cst_mid2_nsga2_g02_child_0106_7ea30168|tip:cst_tip_nsga2_g05_child_0102_33bdf605,fx76mp140,dae31,cst_mid2_nsga2_g02_child_0106_7ea30168,cst_tip_nsga2_g05_child_0102_33bdf605,0.01611081983300778,0.009757669292224836,0.010705559146700966,1.3744249170615004,0.15449495326258122,False,False,True,False,True,False,,top_predicted_profile_proxy,32
policy_A_performance_candidate,root:fx76mp140|mid1:dae31|mid2:cst_mid2_seedless_sobol_0377_ed2a45eb|tip:cst_tip_nsga2_g05_child_0102_33bdf605,fx76mp140,dae31,cst_mid2_seedless_sobol_0377_ed2a45eb,cst_tip_nsga2_g05_child_0102_33bdf605,0.013269816767597278,0.00975839859289314,0.010647533243689906,1.9093739725270586,0.1789704323985415,False,False,True,False,True,False,,top_predicted_profile_proxy,33
policy_A_performance_candidate,root:dae31|mid1:fx76mp140|mid2:dae31|tip:cst_tip_nsga2_g05_child_0032_70ef8136,dae31,fx76mp140,dae31,cst_tip_nsga2_g05_child_0032_70ef8136,0.015187726530283035,0.00976063179167001,0.0104496720720662,1.6198096429033422,0.15949485912662387,False,False,True,False,True,False,,top_predicted_profile_proxy,34
policy_A_performance_candidate,root:cst_root_nsga2_g04_child_0066_2124fc90|mid1:dae31|mid2:dae31|tip:cst_tip_nsga2_g05_child_0032_70ef8136,cst_root_nsga2_g04_child_0066_2124fc90,dae31,dae31,cst_tip_nsga2_g05_child_0032_70ef8136,0.011118088330975426,0.009761592663205844,0.010418487560419668,1.6198096429033422,0.15949485912662387,False,True,True,False,True,False,,top_predicted_profile_proxy,35
policy_A_performance_candidate,root:dae31|mid1:dae21|mid2:cst_mid2_seedless_sobol_0237_e583606c|tip:cst_tip_nsga2_g05_child_0032_70ef8136,dae31,dae21,cst_mid2_seedless_sobol_0237_e583606c,cst_tip_nsga2_g05_child_0032_70ef8136,0.015229411669704197,0.0097619256855546,0.010439415654432897,1.33546309292369,0.13247987573678777,False,False,True,False,True,False,,top_predicted_profile_proxy,36
policy_A_performance_candidate,root:dae31|mid1:dae31|mid2:cst_mid2_nsga2_g01_child_0103_58b101ad|tip:cst_tip_nsga2_g05_child_0102_33bdf605,dae31,dae31,cst_mid2_nsga2_g01_child_0103_58b101ad,cst_tip_nsga2_g05_child_0102_33bdf605,0.011428268981883353,0.009775901569717034,0.010749825211526601,1.3310162400635581,0.14628098115205046,False,True,True,False,True,False,,top_predicted_profile_proxy,37
policy_A_performance_candidate,root:dae31|mid1:fx76mp140|mid2:dae31|tip:cst_tip_nsga2_g05_child_0102_33bdf605,dae31,fx76mp140,dae31,cst_tip_nsga2_g05_child_0102_33bdf605,0.015197027125668578,0.009783305960198736,0.010637498184425111,1.9345362116365121,0.17647043239854154,False,False,True,False,True,False,,top_predicted_profile_proxy,38
policy_A_performance_candidate,root:cst_root_nsga2_g04_child_0066_2124fc90|mid1:dae31|mid2:dae31|tip:cst_tip_nsga2_g05_child_0102_33bdf605,cst_root_nsga2_g04_child_0066_2124fc90,dae31,dae31,cst_tip_nsga2_g05_child_0102_33bdf605,0.011127388926360969,0.00978426683173457,0.010606313672778579,1.9093739725270586,0.1897062860961447,False,True,True,False,True,False,,top_predicted_profile_proxy,39
policy_A_performance_candidate,root:dae31|mid1:dae21|mid2:cst_mid2_seedless_sobol_0237_e583606c|tip:cst_tip_nsga2_g05_child_0102_33bdf605,dae31,dae21,cst_mid2_seedless_sobol_0237_e583606c,cst_tip_nsga2_g05_child_0102_33bdf605,0.015238712265089738,0.009784599854083328,0.010627241766791808,1.33546309292369,0.13247987573678777,False,False,True,False,True,False,,top_predicted_profile_proxy,40
policy_A_performance_candidate,root:dae21|mid1:dae31|mid2:cst_mid2_nsga2_g01_child_0103_58b101ad|tip:cst_tip_nsga2_g05_child_0032_70ef8136,dae21,dae31,cst_mid2_nsga2_g01_child_0103_58b101ad,cst_tip_nsga2_g05_child_0032_70ef8136,0.013484801252296879,0.009787958838799994,0.010591306918103005,1.3310162400635581,0.1349798757367877,False,False,True,False,True,False,,top_predicted_profile_proxy,41
policy_A_performance_candidate,root:fx76mp140|mid1:dae31|mid2:cst_mid2_nsga2_g01_child_0103_58b101ad|tip:cst_tip_nsga2_g05_child_0032_70ef8136,fx76mp140,dae31,cst_mid2_nsga2_g01_child_0103_58b101ad,cst_tip_nsga2_g05_child_0032_70ef8136,0.013464068807540367,0.009794373263531081,0.010599830320296244,1.3310162400635581,0.14628098115205046,False,False,True,False,True,False,,top_predicted_profile_proxy,42
policy_A_performance_candidate,root:dae21|mid1:fx76mp140|mid2:dae31|tip:cst_tip_nsga2_g05_child_0032_70ef8136,dae21,fx76mp140,dae31,cst_tip_nsga2_g05_child_0032_70ef8136,0.017253559396082106,0.009795363229281696,0.010478979891001515,1.360664337367355,0.1349798757367877,False,False,True,False,True,False,,top_predicted_profile_proxy,43
policy_A_performance_candidate,root:dae21|mid1:dae21|mid2:cst_mid2_seedless_sobol_0237_e583606c|tip:cst_tip_nsga2_g05_child_0032_70ef8136,dae21,dae21,cst_mid2_seedless_sobol_0237_e583606c,cst_tip_nsga2_g05_child_0032_70ef8136,0.017295244535503265,0.00979665712316629,0.010468723473368212,1.33546309292369,0.13247987573678777,False,False,True,False,True,False,,top_predicted_profile_proxy,44
policy_A_performance_candidate,root:dae11|mid1:dae31|mid2:cst_mid2_seedless_sobol_0237_e583606c|tip:cst_tip_nsga2_g05_child_0032_70ef8136,dae11,dae31,cst_mid2_seedless_sobol_0237_e583606c,cst_tip_nsga2_g05_child_0032_70ef8136,0.01321197480394522,0.009796935517273092,0.010466340360549803,1.6198096429033422,0.15949485912662387,False,False,True,False,True,False,,top_predicted_profile_proxy,45
policy_A_performance_candidate,root:dae31|mid1:dae31|mid2:dae31|tip:cst_tip_nsga2_g02_child_0093_97ccea59,dae31,dae31,dae31,cst_tip_nsga2_g02_child_0093_97ccea59,0.011093696799919527,0.009797869810519668,0.010096835689527487,1.9093739725270586,0.1897062860961447,False,True,True,False,True,False,,top_predicted_profile_proxy,46
policy_A_performance_candidate,root:dae31|mid1:dae31|mid2:dae31|tip:cst_tip_nsga2_g06_child_0056_b3f9b7c4,dae31,dae31,dae31,cst_tip_nsga2_g06_child_0056_b3f9b7c4,0.011107614733438118,0.009799877945099903,0.010119163382864031,1.9093739725270586,0.1897062860961447,False,True,True,False,True,False,,top_predicted_profile_proxy,47
policy_A_performance_candidate,root:fx76mp140|mid1:fx76mp140|mid2:dae31|tip:cst_tip_nsga2_g05_child_0032_70ef8136,fx76mp140,fx76mp140,dae31,cst_tip_nsga2_g05_child_0032_70ef8136,0.017232826951325594,0.009801777654012783,0.010487503293194755,1.6198096429033422,0.15949485912662387,False,False,True,False,True,False,,top_predicted_profile_proxy,48
policy_A_performance_candidate,root:fx76mp140|mid1:dae21|mid2:cst_mid2_seedless_sobol_0237_e583606c|tip:cst_tip_nsga2_g05_child_0032_70ef8136,fx76mp140,dae21,cst_mid2_seedless_sobol_0237_e583606c,cst_tip_nsga2_g05_child_0032_70ef8136,0.017274512090746753,0.009803071547897373,0.01047724687556145,1.33546309292369,0.13247987573678777,False,False,True,False,True,False,,top_predicted_profile_proxy,49
policy_A_performance_candidate,root:dae21|mid1:dae31|mid2:cst_mid2_nsga2_g01_child_0103_58b101ad|tip:cst_tip_nsga2_g05_child_0102_33bdf605,dae21,dae31,cst_mid2_nsga2_g01_child_0103_58b101ad,cst_tip_nsga2_g05_child_0102_33bdf605,0.013494101847682422,0.009810633007328722,0.010779133030461916,1.3310162400635581,0.1349798757367877,False,False,True,False,True,False,,top_predicted_profile_proxy,50
policy_A_performance_candidate,root:dae31|mid1:dae31|mid2:dae21|tip:cst_tip_nsga2_g05_child_0032_70ef8136,dae31,dae31,dae21,cst_tip_nsga2_g05_child_0032_70ef8136,0.013976995292961435,0.009810727104412068,0.010487954462180546,1.6198096429033422,0.15949485912662387,False,False,True,False,True,False,,top_predicted_profile_proxy,51
policy_A_performance_candidate,root:fx76mp140|mid1:dae31|mid2:cst_mid2_nsga2_g01_child_0103_58b101ad|tip:cst_tip_nsga2_g05_child_0102_33bdf605,fx76mp140,dae31,cst_mid2_nsga2_g01_child_0103_58b101ad,cst_tip_nsga2_g05_child_0102_33bdf605,0.01347336940292591,0.009817047432059809,0.010787656432655154,1.3310162400635581,0.14628098115205046,False,False,True,False,True,False,,top_predicted_profile_proxy,52
policy_A_performance_candidate,root:dae21|mid1:fx76mp140|mid2:dae31|tip:cst_tip_nsga2_g05_child_0102_33bdf605,dae21,fx76mp140,dae31,cst_tip_nsga2_g05_child_0102_33bdf605,0.017262859991467646,0.009818037397810423,0.010666806003360426,1.360664337367355,0.1349798757367877,False,False,True,False,True,False,,top_predicted_profile_proxy,53
policy_A_performance_candidate,root:dae21|mid1:dae21|mid2:cst_mid2_seedless_sobol_0237_e583606c|tip:cst_tip_nsga2_g05_child_0102_33bdf605,dae21,dae21,cst_mid2_seedless_sobol_0237_e583606c,cst_tip_nsga2_g05_child_0102_33bdf605,0.017304545130888804,0.009819331291695016,0.010656549585727123,1.33546309292369,0.13247987573678777,False,False,True,False,True,False,,top_predicted_profile_proxy,54
policy_A_performance_candidate,root:cst_root_nsga2_g04_child_0066_2124fc90|mid1:dae21|mid2:cst_mid2_nsga2_g01_child_0046_9585b968|tip:cst_tip_nsga2_g04_child_0123_01770232,cst_root_nsga2_g04_child_0066_2124fc90,dae21,cst_mid2_nsga2_g01_child_0046_9585b968,cst_tip_nsga2_g04_child_0123_01770232,0.016201820322217567,0.010664973687964818,0.011264359887206109,0.8553594640313075,0.08914060767230825,False,False,True,False,True,False,raw_best,known_policy_or_baseline,55
policy_A_performance_candidate,root:cst_root_nsga2_g05_child_0019_00cc4dca|mid1:cst_mid1_nsga2_g06_child_0001_a86879e2|mid2:dae31|tip:dae41,cst_root_nsga2_g05_child_0019_00cc4dca,cst_mid1_nsga2_g06_child_0001_a86879e2,dae31,dae41,0.011815714598353202,0.010915942951362324,0.011273850871461944,2.9582974857575173,0.31385098524847077,False,True,True,False,True,False,policy_F,known_policy_or_baseline,56
policy_A_performance_candidate,root:cst_root_nsga2_g05_child_0019_00cc4dca|mid1:cst_mid1_nsga2_g05_child_0114_b5496e0b|mid2:dae31|tip:clarkysm,cst_root_nsga2_g05_child_0019_00cc4dca,cst_mid1_nsga2_g05_child_0114_b5496e0b,dae31,clarkysm,0.011892719181142687,0.010933438278090894,0.011294422376573956,3.2157974270899,0.3195062860961446,False,True,True,False,False,False,conservative_best,known_policy_or_baseline,57
policy_A_performance_candidate,root:fx76mp140|mid1:fx76mp140|mid2:clarkysm|tip:clarkysm,fx76mp140,fx76mp140,clarkysm,clarkysm,0.018618288796014938,0.011157500388042554,0.011738415424209937,1.2327306186709244,0.12536865771533057,True,False,True,False,False,True,old_fx_clark_baseline,known_policy_or_baseline,58
policy_A_performance_candidate,root:dae11|mid1:dae11|mid2:clarkysm|tip:clarkysm,dae11,dae11,clarkysm,clarkysm,0.019004509615365206,0.011583542514883666,0.012182803053505628,1.2327306186709244,0.12536865771533057,True,False,True,False,False,False,policy_A,known_policy_or_baseline,59
policy_A_performance_candidate,root:cst_root_nsga2_g05_child_0019_00cc4dca|mid1:cst_mid1_nsga2_g06_child_0001_a86879e2|mid2:clarkysm|tip:clarkysm,cst_root_nsga2_g05_child_0019_00cc4dca,cst_mid1_nsga2_g06_child_0001_a86879e2,clarkysm,clarkysm,0.013074840058847879,0.011986665088217167,0.012574125002545683,1.2327306186709244,0.12536865771533057,True,True,True,False,False,True,policy_C;policy_E;policy_G,known_policy_or_baseline,60
policy_C_conservative_baseline,root:dae31|mid1:dae31|mid2:dae31|tip:cst_tip_nsga2_g05_child_0032_70ef8136,dae31,dae31,dae31,cst_tip_nsga2_g05_child_0032_70ef8136,0.011111260185055923,0.009641842456697783,0.010333047051718116,1.7382707465827716,0.17270628609614458,False,True,True,False,True,False,,top_predicted_profile_proxy,1
policy_C_conservative_baseline,root:dae31|mid1:dae31|mid2:dae31|tip:cst_tip_nsga2_g05_child_0102_33bdf605,dae31,dae31,dae31,cst_tip_nsga2_g05_child_0102_33bdf605,0.0111287629152962,0.009641913172246353,0.01050967140023341,1.7382707465827716,0.17270628609614458,False,True,True,False,True,False,,top_predicted_profile_proxy,2
policy_C_conservative_baseline,root:fx76mp140|mid1:dae31|mid2:dae31|tip:cst_tip_nsga2_g05_child_0032_70ef8136,fx76mp140,dae31,dae31,cst_tip_nsga2_g05_child_0032_70ef8136,0.013132475708459811,0.009653452001751252,0.010341419493423243,1.7382707465827716,0.16017043239854156,False,False,True,False,True,False,,top_predicted_profile_proxy,3
policy_C_conservative_baseline,root:fx76mp140|mid1:dae31|mid2:dae31|tip:cst_tip_nsga2_g05_child_0102_33bdf605,fx76mp140,dae31,dae31,cst_tip_nsga2_g05_child_0102_33bdf605,0.013149978438700088,0.009653522717299821,0.010518043841938537,1.7382707465827716,0.16017043239854156,False,False,True,False,True,False,,top_predicted_profile_proxy,4
policy_C_conservative_baseline,root:dae21|mid1:dae31|mid2:dae31|tip:cst_tip_nsga2_g05_child_0032_70ef8136,dae21,dae31,dae31,cst_tip_nsga2_g05_child_0032_70ef8136,0.013157815581490685,0.009656512749765119,0.010342356702557311,1.1711509791509909,0.11617987573678779,False,False,True,False,True,False,,top_predicted_profile_proxy,5
policy_C_conservative_baseline,root:dae21|mid1:dae31|mid2:dae31|tip:cst_tip_nsga2_g05_child_0102_33bdf605,dae21,dae31,dae31,cst_tip_nsga2_g05_child_0102_33bdf605,0.013175318311730962,0.009656583465313688,0.010518981051072606,1.1711509791509909,0.11617987573678779,False,False,True,False,True,False,,top_predicted_profile_proxy,6
policy_C_conservative_baseline,root:dae31|mid1:dae31|mid2:cst_mid2_seedless_sobol_0237_e583606c|tip:cst_tip_nsga2_g05_child_0032_70ef8136,dae31,dae31,cst_mid2_seedless_sobol_0237_e583606c,cst_tip_nsga2_g05_child_0032_70ef8136,0.011171716661661179,0.009724436787057434,0.010409889792584278,1.7382707465827716,0.17270628609614458,False,True,True,False,True,False,,top_predicted_profile_proxy,7
policy_C_conservative_baseline,root:dae31|mid1:dae31|mid2:cst_mid2_seedless_sobol_0237_e583606c|tip:cst_tip_nsga2_g05_child_0102_33bdf605,dae31,dae31,cst_mid2_seedless_sobol_0237_e583606c,cst_tip_nsga2_g05_child_0102_33bdf605,0.011189219391901456,0.009724507502606004,0.010586514141099573,1.7382707465827716,0.17270628609614458,False,True,True,False,True,False,,top_predicted_profile_proxy,8
policy_C_conservative_baseline,root:dae31|mid1:dae21|mid2:dae31|tip:cst_tip_nsga2_g05_child_0032_70ef8136,dae31,dae21,dae31,cst_tip_nsga2_g05_child_0032_70ef8136,0.01524384517607866,0.00973434714075114,0.010426266261410664,1.1640946307067628,0.11547987573678764,False,False,True,False,True,False,,top_predicted_profile_proxy,9
policy_C_conservative_baseline,root:dae31|mid1:dae21|mid2:dae31|tip:cst_tip_nsga2_g05_child_0102_33bdf605,dae31,dae21,dae31,cst_tip_nsga2_g05_child_0102_33bdf605,0.015261347906318936,0.00973441785629971,0.010602890609925959,1.1640946307067628,0.11547987573678764,False,False,True,False,True,False,,top_predicted_profile_proxy,10
policy_C_conservative_baseline,root:fx76mp140|mid1:dae31|mid2:cst_mid2_seedless_sobol_0237_e583606c|tip:cst_tip_nsga2_g05_child_0032_70ef8136,fx76mp140,dae31,cst_mid2_seedless_sobol_0237_e583606c,cst_tip_nsga2_g05_child_0032_70ef8136,0.013192932185065067,0.009736046332110905,0.010418262234289405,1.7382707465827716,0.16017043239854156,False,False,True,False,True,False,,top_predicted_profile_proxy,11
policy_C_conservative_baseline,root:fx76mp140|mid1:dae31|mid2:cst_mid2_seedless_sobol_0237_e583606c|tip:cst_tip_nsga2_g05_child_0102_33bdf605,fx76mp140,dae31,cst_mid2_seedless_sobol_0237_e583606c,cst_tip_nsga2_g05_child_0102_33bdf605,0.013210434915305344,0.009736117047659474,0.0105948865828047,1.7382707465827716,0.16017043239854156,False,False,True,False,True,False,,top_predicted_profile_proxy,12
policy_C_conservative_baseline,root:dae21|mid1:dae31|mid2:cst_mid2_seedless_sobol_0237_e583606c|tip:cst_tip_nsga2_g05_child_0032_70ef8136,dae21,dae31,cst_mid2_seedless_sobol_0237_e583606c,cst_tip_nsga2_g05_child_0032_70ef8136,0.01321827205809594,0.00973910708012477,0.010419199443423472,1.1711509791509909,0.11617987573678779,False,False,True,False,True,False,,top_predicted_profile_proxy,13
policy_C_conservative_baseline,root:dae21|mid1:dae31|mid2:cst_mid2_seedless_sobol_0237_e583606c|tip:cst_tip_nsga2_g05_child_0102_33bdf605,dae21,dae31,cst_mid2_seedless_sobol_0237_e583606c,cst_tip_nsga2_g05_child_0102_33bdf605,0.013235774788336216,0.00973917779567334,0.010595823791938767,1.1711509791509909,0.11617987573678779,False,False,True,False,True,False,,top_predicted_profile_proxy,14
policy_C_conservative_baseline,root:dae31|mid1:dae31|mid2:cst_mid2_nsga2_g02_child_0106_7ea30168|tip:cst_tip_nsga2_g05_child_0032_70ef8136,dae31,dae31,cst_mid2_nsga2_g02_child_0106_7ea30168,cst_tip_nsga2_g05_child_0032_70ef8136,0.014135906084586803,0.009743191954349275,0.010570676214570557,1.4349193813702044,0.16129495326258114,False,False,True,False,True,False,,top_predicted_profile_proxy,15
policy_C_conservative_baseline,root:dae31|mid1:dae31|mid2:cst_mid2_nsga2_g02_child_0106_7ea30168|tip:cst_tip_nsga2_g05_child_0102_33bdf605,dae31,dae31,cst_mid2_nsga2_g02_child_0106_7ea30168,cst_tip_nsga2_g05_child_0102_33bdf605,0.01415340881482708,0.009743262669897845,0.010747300563085852,1.4349193813702044,0.16129495326258114,False,False,True,False,True,False,,top_predicted_profile_proxy,16
policy_C_conservative_baseline,root:fx76mp140|mid1:dae21|mid2:dae31|tip:cst_tip_nsga2_g05_child_0032_70ef8136,fx76mp140,dae21,dae31,cst_tip_nsga2_g05_child_0032_70ef8136,0.017265060699482547,0.00974595668580461,0.010434638703115793,1.1640946307067628,0.11547987573678764,False,False,True,False,True,False,,top_predicted_profile_proxy,17
policy_C_conservative_baseline,root:fx76mp140|mid1:dae21|mid2:dae31|tip:cst_tip_nsga2_g05_child_0102_33bdf605,fx76mp140,dae21,dae31,cst_tip_nsga2_g05_child_0102_33bdf605,0.017282563429722824,0.009746027401353179,0.010611263051631088,1.1640946307067628,0.11547987573678764,False,False,True,False,True,False,,top_predicted_profile_proxy,18
policy_C_conservative_baseline,root:dae21|mid1:dae21|mid2:dae31|tip:cst_tip_nsga2_g05_child_0032_70ef8136,dae21,dae21,dae31,cst_tip_nsga2_g05_child_0032_70ef8136,0.01729040057251342,0.009749017433818476,0.010435575912249861,1.1640946307067628,0.11547987573678764,False,False,True,False,True,False,,top_predicted_profile_proxy,19
policy_C_conservative_baseline,root:dae21|mid1:dae21|mid2:dae31|tip:cst_tip_nsga2_g05_child_0102_33bdf605,dae21,dae21,dae31,cst_tip_nsga2_g05_child_0102_33bdf605,0.017307903302753697,0.009749088149367046,0.010612200260765156,1.1640946307067628,0.11547987573678764,False,False,True,False,True,False,,top_predicted_profile_proxy,20
policy_C_conservative_baseline,root:fx76mp140|mid1:dae31|mid2:cst_mid2_nsga2_g02_child_0106_7ea30168|tip:cst_tip_nsga2_g05_child_0032_70ef8136,fx76mp140,dae31,cst_mid2_nsga2_g02_child_0106_7ea30168,cst_tip_nsga2_g05_child_0032_70ef8136,0.016157121607990692,0.009754801499402744,0.010579048656275684,1.4349193813702044,0.16017043239854156,False,False,True,False,True,False,,top_predicted_profile_proxy,21
policy_C_conservative_baseline,root:fx76mp140|mid1:dae31|mid2:cst_mid2_nsga2_g02_child_0106_7ea30168|tip:cst_tip_nsga2_g05_child_0102_33bdf605,fx76mp140,dae31,cst_mid2_nsga2_g02_child_0106_7ea30168,cst_tip_nsga2_g05_child_0102_33bdf605,0.01617462433823097,0.009754872214951313,0.010755673004790979,1.4349193813702044,0.16017043239854156,False,False,True,False,True,False,,top_predicted_profile_proxy,22
policy_C_conservative_baseline,root:dae21|mid1:dae31|mid2:cst_mid2_nsga2_g02_child_0106_7ea30168|tip:cst_tip_nsga2_g05_child_0032_70ef8136,dae21,dae31,cst_mid2_nsga2_g02_child_0106_7ea30168,cst_tip_nsga2_g05_child_0032_70ef8136,0.016182461481021565,0.00975786224741661,0.010579985865409753,1.1711509791509909,0.11617987573678779,False,False,True,False,True,False,,top_predicted_profile_proxy,23
policy_C_conservative_baseline,root:dae21|mid1:dae31|mid2:cst_mid2_nsga2_g02_child_0106_7ea30168|tip:cst_tip_nsga2_g05_child_0102_33bdf605,dae21,dae31,cst_mid2_nsga2_g02_child_0106_7ea30168,cst_tip_nsga2_g05_child_0102_33bdf605,0.016199964211261842,0.00975793296296518,0.010756610213925048,1.1711509791509909,0.11617987573678779,False,False,True,False,True,False,,top_predicted_profile_proxy,24
policy_C_conservative_baseline,root:dae31|mid1:dae31|mid2:cst_mid2_seedless_sobol_0377_ed2a45eb|tip:cst_tip_nsga2_g05_child_0032_70ef8136,dae31,dae31,cst_mid2_seedless_sobol_0377_ed2a45eb,cst_tip_nsga2_g05_child_0032_70ef8136,0.011312573529336607,0.00976525424771982,0.010523862550401778,1.7382707465827716,0.17270628609614458,False,True,True,False,True,False,,top_predicted_profile_proxy,25
policy_C_conservative_baseline,root:dae31|mid1:dae31|mid2:cst_mid2_seedless_sobol_0377_ed2a45eb|tip:cst_tip_nsga2_g05_child_0102_33bdf605,dae31,dae31,cst_mid2_seedless_sobol_0377_ed2a45eb,cst_tip_nsga2_g05_child_0102_33bdf605,0.011330076259576884,0.00976532496326839,0.010700486898917073,1.7382707465827716,0.17270628609614458,False,True,True,False,True,False,,top_predicted_profile_proxy,26
policy_C_conservative_baseline,root:dae11|mid1:dae31|mid2:dae31|tip:cst_tip_nsga2_g05_child_0032_70ef8136,dae11,dae31,dae31,cst_tip_nsga2_g05_child_0032_70ef8136,0.013226955456501207,0.009767156995929343,0.010458294099414572,1.6189650020608903,0.16037698742999495,False,False,True,False,True,False,,top_predicted_profile_proxy,27
policy_C_conservative_baseline,root:dae11|mid1:dae31|mid2:dae31|tip:cst_tip_nsga2_g05_child_0102_33bdf605,dae11,dae31,dae31,cst_tip_nsga2_g05_child_0102_33bdf605,0.013244458186741484,0.009767227711477913,0.010634918447929867,1.6189650020608903,0.16037698742999495,False,False,True,False,True,False,,top_predicted_profile_proxy,28
policy_C_conservative_baseline,root:fx76mp140|mid1:dae31|mid2:cst_mid2_seedless_sobol_0377_ed2a45eb|tip:cst_tip_nsga2_g05_child_0032_70ef8136,fx76mp140,dae31,cst_mid2_seedless_sobol_0377_ed2a45eb,cst_tip_nsga2_g05_child_0032_70ef8136,0.013333789052740493,0.009776863792773286,0.010532234992106905,1.7382707465827716,0.16017043239854156,False,False,True,False,True,False,,top_predicted_profile_proxy,29
policy_C_conservative_baseline,root:fx76mp140|mid1:dae31|mid2:cst_mid2_seedless_sobol_0377_ed2a45eb|tip:cst_tip_nsga2_g05_child_0102_33bdf605,fx76mp140,dae31,cst_mid2_seedless_sobol_0377_ed2a45eb,cst_tip_nsga2_g05_child_0102_33bdf605,0.01335129178298077,0.009776934508321856,0.0107088593406222,1.7382707465827716,0.16017043239854156,False,False,True,False,True,False,,top_predicted_profile_proxy,30
policy_C_conservative_baseline,root:dae21|mid1:dae31|mid2:cst_mid2_seedless_sobol_0377_ed2a45eb|tip:cst_tip_nsga2_g05_child_0032_70ef8136,dae21,dae31,cst_mid2_seedless_sobol_0377_ed2a45eb,cst_tip_nsga2_g05_child_0032_70ef8136,0.013359128925771367,0.009779924540787155,0.010533172201240976,1.1711509791509909,0.11617987573678779,False,False,True,False,True,False,,top_predicted_profile_proxy,31
policy_C_conservative_baseline,root:dae21|mid1:dae31|mid2:cst_mid2_seedless_sobol_0377_ed2a45eb|tip:cst_tip_nsga2_g05_child_0102_33bdf605,dae21,dae31,cst_mid2_seedless_sobol_0377_ed2a45eb,cst_tip_nsga2_g05_child_0102_33bdf605,0.013376631656011644,0.009779995256335725,0.01070979654975627,1.1711509791509909,0.11617987573678779,False,False,True,False,True,False,,top_predicted_profile_proxy,32
policy_C_conservative_baseline,root:dae31|mid1:dae31|mid2:cst_mid2_nsga2_g01_child_0103_58b101ad|tip:cst_tip_nsga2_g05_child_0032_70ef8136,dae31,dae31,cst_mid2_nsga2_g01_child_0103_58b101ad,cst_tip_nsga2_g05_child_0032_70ef8136,0.011497658645603764,0.009803761409485346,0.01064910853905198,1.3928897000386742,0.15308098115205038,False,True,True,False,True,False,,top_predicted_profile_proxy,33
policy_C_conservative_baseline,root:dae31|mid1:dae31|mid2:cst_mid2_nsga2_g01_child_0103_58b101ad|tip:cst_tip_nsga2_g05_child_0102_33bdf605,dae31,dae31,cst_mid2_nsga2_g01_child_0103_58b101ad,cst_tip_nsga2_g05_child_0102_33bdf605,0.011515161375844041,0.009803832125033916,0.010825732887567274,1.3928897000386742,0.15308098115205038,False,True,True,False,True,False,,top_predicted_profile_proxy,34
policy_C_conservative_baseline,root:dae31|mid1:fx76mp140|mid2:dae31|tip:cst_tip_nsga2_g05_child_0032_70ef8136,dae31,fx76mp140,dae31,cst_tip_nsga2_g05_child_0032_70ef8136,0.015281684502158069,0.009814526312863293,0.010521968962828974,1.74531617353342,0.15947043239854142,False,False,True,False,True,False,,top_predicted_profile_proxy,35
policy_C_conservative_baseline,root:dae31|mid1:fx76mp140|mid2:dae31|tip:cst_tip_nsga2_g05_child_0102_33bdf605,dae31,fx76mp140,dae31,cst_tip_nsga2_g05_child_0102_33bdf605,0.015299187232398346,0.009814597028411863,0.010698593311344269,1.74531617353342,0.15947043239854142,False,False,True,False,True,False,,top_predicted_profile_proxy,36
policy_C_conservative_baseline,root:fx76mp140|mid1:dae31|mid2:cst_mid2_nsga2_g01_child_0103_58b101ad|tip:cst_tip_nsga2_g05_child_0032_70ef8136,fx76mp140,dae31,cst_mid2_nsga2_g01_child_0103_58b101ad,cst_tip_nsga2_g05_child_0032_70ef8136,0.013518874169007652,0.009815370954538815,0.010657480980757106,1.3928897000386742,0.15308098115205038,False,False,True,False,True,False,,top_predicted_profile_proxy,37
policy_C_conservative_baseline,root:fx76mp140|mid1:dae31|mid2:cst_mid2_nsga2_g01_child_0103_58b101ad|tip:cst_tip_nsga2_g05_child_0102_33bdf605,fx76mp140,dae31,cst_mid2_nsga2_g01_child_0103_58b101ad,cst_tip_nsga2_g05_child_0102_33bdf605,0.013536376899247929,0.009815441670087384,0.010834105329272401,1.3928897000386742,0.15308098115205038,False,False,True,False,True,False,,top_predicted_profile_proxy,38
policy_C_conservative_baseline,root:dae31|mid1:dae21|mid2:cst_mid2_seedless_sobol_0237_e583606c|tip:cst_tip_nsga2_g05_child_0032_70ef8136,dae31,dae21,cst_mid2_seedless_sobol_0237_e583606c,cst_tip_nsga2_g05_child_0032_70ef8136,0.015304301652683915,0.009816941471110794,0.010503109002276826,1.1640946307067628,0.11547987573678764,False,False,True,False,True,False,,top_predicted_profile_proxy,39
policy_C_conservative_baseline,root:dae31|mid1:dae21|mid2:cst_mid2_seedless_sobol_0237_e583606c|tip:cst_tip_nsga2_g05_child_0102_33bdf605,dae31,dae21,cst_mid2_seedless_sobol_0237_e583606c,cst_tip_nsga2_g05_child_0102_33bdf605,0.015321804382924192,0.009817012186659363,0.010679733350792121,1.1640946307067628,0.11547987573678764,False,False,True,False,True,False,,top_predicted_profile_proxy,40
policy_C_conservative_baseline,root:dae21|mid1:dae31|mid2:cst_mid2_nsga2_g01_child_0103_58b101ad|tip:cst_tip_nsga2_g05_child_0032_70ef8136,dae21,dae31,cst_mid2_nsga2_g01_child_0103_58b101ad,cst_tip_nsga2_g05_child_0032_70ef8136,0.013544214042038526,0.009818431702552682,0.010658418189891175,1.1711509791509909,0.11617987573678779,False,False,True,False,True,False,,top_predicted_profile_proxy,41
policy_C_conservative_baseline,root:dae21|mid1:dae31|mid2:cst_mid2_nsga2_g01_child_0103_58b101ad|tip:cst_tip_nsga2_g05_child_0102_33bdf605,dae21,dae31,cst_mid2_nsga2_g01_child_0103_58b101ad,cst_tip_nsga2_g05_child_0102_33bdf605,0.013561716772278803,0.009818502418101251,0.01083504253840647,1.1711509791509909,0.11617987573678779,False,False,True,False,True,False,,top_predicted_profile_proxy,42
policy_C_conservative_baseline,root:cst_root_nsga2_g04_child_0066_2124fc90|mid1:dae31|mid2:dae31|tip:cst_tip_nsga2_g05_child_0032_70ef8136,cst_root_nsga2_g04_child_0066_2124fc90,dae31,dae31,cst_tip_nsga2_g05_child_0032_70ef8136,0.01120946329574495,0.009821714521223887,0.01050226682349382,1.7382707465827716,0.17270628609614458,False,True,True,False,True,False,,top_predicted_profile_proxy,43
policy_C_conservative_baseline,root:cst_root_nsga2_g04_child_0066_2124fc90|mid1:dae31|mid2:dae31|tip:cst_tip_nsga2_g05_child_0102_33bdf605,cst_root_nsga2_g04_child_0066_2124fc90,dae31,dae31,cst_tip_nsga2_g05_child_0102_33bdf605,0.011226966025985228,0.009821785236772457,0.010678891172009115,1.7382707465827716,0.17270628609614458,False,True,True,False,True,False,,top_predicted_profile_proxy,44
policy_C_conservative_baseline,root:fx76mp140|mid1:fx76mp140|mid2:dae31|tip:cst_tip_nsga2_g05_child_0032_70ef8136,fx76mp140,fx76mp140,dae31,cst_tip_nsga2_g05_child_0032_70ef8136,0.017302900025561955,0.009826135857916762,0.010530341404534101,2.0250290029864955,0.15947043239854142,False,False,True,False,True,False,,top_predicted_profile_proxy,45
policy_C_conservative_baseline,root:fx76mp140|mid1:fx76mp140|mid2:dae31|tip:cst_tip_nsga2_g05_child_0102_33bdf605,fx76mp140,fx76mp140,dae31,cst_tip_nsga2_g05_child_0102_33bdf605,0.017320402755802232,0.009826206573465331,0.010706965753049396,2.0559257462111673,0.15947043239854142,False,False,True,False,True,False,,top_predicted_profile_proxy,46
policy_C_conservative_baseline,root:fx76mp140|mid1:dae21|mid2:cst_mid2_seedless_sobol_0237_e583606c|tip:cst_tip_nsga2_g05_child_0032_70ef8136,fx76mp140,dae21,cst_mid2_seedless_sobol_0237_e583606c,cst_tip_nsga2_g05_child_0032_70ef8136,0.017325517176087803,0.00982855101616426,0.010511481443981955,1.1640946307067628,0.11547987573678764,False,False,True,False,True,False,,top_predicted_profile_proxy,47
policy_C_conservative_baseline,root:fx76mp140|mid1:dae21|mid2:cst_mid2_seedless_sobol_0237_e583606c|tip:cst_tip_nsga2_g05_child_0102_33bdf605,fx76mp140,dae21,cst_mid2_seedless_sobol_0237_e583606c,cst_tip_nsga2_g05_child_0102_33bdf605,0.01734301990632808,0.00982862173171283,0.01068810579249725,1.1640946307067628,0.11547987573678764,False,False,True,False,True,False,,top_predicted_profile_proxy,48
policy_C_conservative_baseline,root:dae21|mid1:fx76mp140|mid2:dae31|tip:cst_tip_nsga2_g05_child_0032_70ef8136,dae21,fx76mp140,dae31,cst_tip_nsga2_g05_child_0032_70ef8136,0.01732823989859283,0.009829196605930629,0.01053127861366817,1.1711509791509909,0.11617987573678779,False,False,True,False,True,False,,top_predicted_profile_proxy,49
policy_C_conservative_baseline,root:dae21|mid1:fx76mp140|mid2:dae31|tip:cst_tip_nsga2_g05_child_0102_33bdf605,dae21,fx76mp140,dae31,cst_tip_nsga2_g05_child_0102_33bdf605,0.017345742628833108,0.009829267321479198,0.010707902962183465,1.1711509791509909,0.11617987573678779,False,False,True,False,True,False,,top_predicted_profile_proxy,50
policy_C_conservative_baseline,root:dae21|mid1:dae21|mid2:cst_mid2_seedless_sobol_0237_e583606c|tip:cst_tip_nsga2_g05_child_0032_70ef8136,dae21,dae21,cst_mid2_seedless_sobol_0237_e583606c,cst_tip_nsga2_g05_child_0032_70ef8136,0.017350857049118675,0.00983161176417813,0.010512418653116022,1.1640946307067628,0.11547987573678764,False,False,True,False,True,False,,top_predicted_profile_proxy,51
policy_C_conservative_baseline,root:dae21|mid1:dae21|mid2:cst_mid2_seedless_sobol_0237_e583606c|tip:cst_tip_nsga2_g05_child_0102_33bdf605,dae21,dae21,cst_mid2_seedless_sobol_0237_e583606c,cst_tip_nsga2_g05_child_0102_33bdf605,0.017368359779358952,0.009831682479726699,0.010689043001631317,1.1640946307067628,0.11547987573678764,False,False,True,False,True,False,,top_predicted_profile_proxy,52
policy_C_conservative_baseline,root:dae31|mid1:dae21|mid2:cst_mid2_nsga2_g02_child_0106_7ea30168|tip:cst_tip_nsga2_g05_child_0032_70ef8136,dae31,dae21,cst_mid2_nsga2_g02_child_0106_7ea30168,cst_tip_nsga2_g05_child_0032_70ef8136,0.01826849107560954,0.009835696638402633,0.010663895424263105,1.1640946307067628,0.11547987573678764,False,False,True,False,True,False,,top_predicted_profile_proxy,53
policy_C_conservative_baseline,root:dae31|mid1:dae21|mid2:cst_mid2_nsga2_g02_child_0106_7ea30168|tip:cst_tip_nsga2_g05_child_0102_33bdf605,dae31,dae21,cst_mid2_nsga2_g02_child_0106_7ea30168,cst_tip_nsga2_g05_child_0102_33bdf605,0.018285993805849818,0.009835767353951202,0.0108405197727784,1.1640946307067628,0.11547987573678764,False,False,True,False,True,False,,top_predicted_profile_proxy,54
policy_C_conservative_baseline,root:cst_root_nsga2_g04_child_0066_2124fc90|mid1:dae21|mid2:cst_mid2_nsga2_g01_child_0046_9585b968|tip:cst_tip_nsga2_g04_child_0123_01770232,cst_root_nsga2_g04_child_0066_2124fc90,dae21,cst_mid2_nsga2_g01_child_0046_9585b968,cst_tip_nsga2_g04_child_0123_01770232,0.0162516165980323,0.010690633472733019,0.01131250770203313,0.920609685084262,0.09594060767230816,False,False,True,False,True,False,raw_best,known_policy_or_baseline,55
policy_C_conservative_baseline,root:cst_root_nsga2_g05_child_0019_00cc4dca|mid1:cst_mid1_nsga2_g06_child_0001_a86879e2|mid2:dae31|tip:dae41,cst_root_nsga2_g05_child_0019_00cc4dca,cst_mid1_nsga2_g06_child_0001_a86879e2,dae31,dae41,0.011821470714389506,0.01092763879032683,0.011272277719987085,3.2842387174676135,0.31171533444789956,False,True,True,False,True,False,policy_F,known_policy_or_baseline,56
policy_C_conservative_baseline,root:cst_root_nsga2_g05_child_0019_00cc4dca|mid1:cst_mid1_nsga2_g05_child_0114_b5496e0b|mid2:dae31|tip:clarkysm,cst_root_nsga2_g05_child_0019_00cc4dca,cst_mid1_nsga2_g05_child_0114_b5496e0b,dae31,clarkysm,0.011904231871097138,0.010942821280124304,0.011300520540613956,3.2842387174676135,0.31171533444789956,False,True,True,False,False,False,conservative_best,known_policy_or_baseline,57
policy_C_conservative_baseline,root:fx76mp140|mid1:fx76mp140|mid2:clarkysm|tip:clarkysm,fx76mp140,fx76mp140,clarkysm,clarkysm,0.018592980731173856,0.011056930397776093,0.011672319072685575,1.2995939668132976,0.13216865771533048,True,False,True,False,False,True,old_fx_clark_baseline,known_policy_or_baseline,58
policy_C_conservative_baseline,root:dae11|mid1:dae11|mid2:clarkysm|tip:clarkysm,dae11,dae11,clarkysm,clarkysm,0.018944231129872105,0.011462881691768317,0.012089506668036558,1.2995939668132976,0.13216865771533048,True,False,True,False,False,False,policy_A,known_policy_or_baseline,59
policy_C_conservative_baseline,root:cst_root_nsga2_g05_child_0019_00cc4dca|mid1:cst_mid1_nsga2_g06_child_0001_a86879e2|mid2:clarkysm|tip:clarkysm,cst_root_nsga2_g05_child_0019_00cc4dca,cst_mid1_nsga2_g06_child_0001_a86879e2,clarkysm,clarkysm,0.013001681582665873,0.011903621679977537,0.012525098324092094,1.2995939668132976,0.13216865771533048,True,True,True,False,False,True,policy_C;policy_E;policy_G,known_policy_or_baseline,60
